fid,soft,deficient,n_storey,fc_MPa,rho_long,r_k,T1_s,T_star_s,Gamma,m_star_kg,V_max_N,D_max_m,U_Y_m,F_Y_N,U_M_m,F_E_N,q,mu,Sa_yield_g,Sd_yield_m,Sae_star_g,ag_g,soil,status
0,False,False,4,29.51,0.0134819003474722,1.0,0.5129,0.7275166418557086,1.2718063728348763,160153.9315744614,612691.8834076029,0.9101250000000006,0.03831099912991942,457651.56845220295,0.7156160084111843,1489582.0786412621,3.254838792925133,18.67912674332515,0.2913913630827823,0.03831099912991942,0.9484319124851723,0.4,C,ok
1,False,False,3,30.49,0.0197876992364289,1.0,0.387,0.5491342717461406,1.2525162739364237,125295.30907948449,859091.9769361422,0.8774999999999867,0.03881080143362692,636634.3407345784,0.7005896995191678,1413036.3292019754,2.219541483689912,18.05141026828048,0.518125030980797,0.03881080143362692,1.15,0.4,C,ok
2,False,False,2,32.45,0.0157677203951315,1.0,0.2832,0.4129915746865578,1.2006105072914088,91536.16086831866,644589.8943574806,0.40912500000000035,0.024840946556781818,526305.8377158388,0.34076413417619594,1032312.5557761916,1.9614309433777442,13.717840155457525,0.5863066471356907,0.024840946556781818,1.15,0.4,C,terminated
3,False,False,7,28.62,0.0111776134555256,1.0,0.8873,1.2531345916406895,1.2859963099254916,269501.6159718354,472881.43177250726,0.7454999999999967,0.05168413416547857,350173.2110456354,0.5797061735295257,1455235.9718829938,4.155760423641728,11.216327464700557,0.1324954209889016,0.05168413416547857,0.5506192268594268,0.4,C,terminated
4,False,False,5,25.5,0.0149442429365255,1.0,0.6366,0.8954144761047089,1.2803107002003133,195831.8637409427,661377.6598845427,0.9137499999999914,0.05051107724739934,487058.920658985,0.7136939493335711,1479888.5571826207,3.0384179293551363,14.129454136128468,0.2536164792510525,0.05051107724739934,0.7705928577363228,0.4,C,ok
5,False,False,6,31.1,0.0132073551268898,1.0,0.7244,1.0200824554038401,1.2854004881069145,231515.31492791642,592265.7703957944,1.1302499999999962,0.04925931017959839,432670.44619385863,0.8792979390139973,1535727.6848222322,3.5494166480096196,17.850390835927175,0.19057100779602526,0.04925931017959839,0.676415907699183,0.4,C,ok
6,False,False,8,26.02,0.0119392536186795,1.0,0.9689,1.3773039704013335,1.2927426503883728,302007.59963985696,538941.3399194579,1.1200000000000008,0.061691068531530946,387739.7286018737,0.8663750667339121,1483740.1144209183,3.826639379387414,14.043768204324403,0.13091872129790344,0.061691068531530946,0.5009787344176031,0.4,C,terminated
7,False,False,5,27.94,0.0144375949076576,1.0,0.6409,0.8961664927499549,1.2785559658424999,196795.9597736659,617054.8140612432,0.891249999999992,0.04723776078364483,456970.1305566475,0.6970754693657121,1485926.2079356709,3.2516921973119435,14.75674244082842,0.23678324062708161,0.04723776078364483,0.7699462160013176,0.4,C,ok
8,False,False,5,26.52,0.017880603715015,1.0,0.6315,0.8818166425638774,1.278826153224945,196658.1778218857,762198.2146659729,0.5037500000000003,0.05764755602456528,575567.2381639661,0.3939159351172503,1509049.5010521787,2.6218474593272187,6.833176673602457,0.2984443621491789,0.05764755602456528,0.7824755926513571,0.4,C,terminated
9,False,False,8,33.77,0.0188699194416089,1.0,0.8732,1.252899209218427,1.2937749157063354,301242.3046150928,858295.2267364804,0.8560000000000006,0.08473022378873585,641921.2923944239,0.6616297700691377,1626932.7166337266,2.5344738302185337,7.808663077756389,0.21729270400673456,0.08473022378873585,0.5507226718024907,0.4,C,terminated
10,False,False,4,27.24,0.0164283950325011,1.0,0.4982,0.7111925051184135,1.2739636450460003,159190.64360836236,774173.6137024324,1.1980000000000008,0.04570722259650506,567920.78712627,0.9403722034444267,1514607.607076221,2.6669346173086406,20.57382072294918,0.36378898985079733,0.04570722259650506,0.970201450428833,0.4,C,ok
11,False,False,6,34.94,0.0100503869633698,1.0,0.7002,1.009383066233989,1.2882457357002497,229763.1290371405,494406.9818470747,1.1624999999999948,0.04071298185880201,362460.7262619332,0.9023899460983633,1540260.1833487928,4.249454000805923,22.16467340142195,0.16086440008279232,0.04071298185880201,0.6835858685190666,0.4,C,ok
12,False,False,2,31.81,0.0184424209184874,1.0,0.2561,0.37870514252440074,1.2031488808070363,90408.36159954347,900747.3020173114,0.6000000000000004,0.02881417371387468,717087.4150517331,0.49869140018443797,1019593.6331721873,1.4218540330939016,17.30715602454728,0.8088031353666049,0.02881417371387468,1.15,0.4,C,ok
13,False,False,3,30.32,0.0169427313340962,1.0,0.4317,0.5972608386203094,1.2476277968789482,127245.10969102566,626774.6688764668,0.5189999999999997,0.03334540314793277,469579.0686609588,0.41598944917572717,1435025.493194221,3.055982663976714,12.475166286946397,0.37631103525421133,0.03334540314793277,1.15,0.4,C,ok
14,False,False,8,33.22,0.0121996825485485,1.0,0.9293,1.3360827305362049,1.2915809187385163,302963.75865155493,546904.8992790917,1.2080000000000009,0.058739834219641796,393564.96627610683,0.9352878959994634,1534359.391342223,3.898617821246284,15.922549125729672,0.13246619950785257,0.058739834219641796,0.5164350861140798,0.4,C,ok
15,False,True,4,24.47,0.0109819865927759,1.0,0.5576,0.6632126098712579,1.269784773396575,161088.01715030707,297929.2997173293,0.4240000000000003,0.015420646493536694,222956.43108019046,0.33391485618923705,1643539.806260112,7.3715738913536075,21.653752086800765,0.1411354435805301,0.015420646493536694,1.0403903510428458,0.4,C,ok
16,False,True,2,20.57,0.0083793948245701,1.0,0.3252,0.36330034161014474,1.2008528526473836,91438.70239678252,234079.8625563794,0.2570000000000002,0.00679495034389227,185842.25476369663,0.21401456426024348,1031213.4534883182,5.548864303220673,31.496118945536267,0.20724961670670458,0.00679495034389227,1.15,0.4,C,ok
17,False,True,8,24.28,0.0090346859979166,1.0,0.9947,1.3049585082754758,1.2936612772385987,301228.9144578317,262082.86279056408,0.5440000000000004,0.02782509564333413,194312.01376380114,0.4205119296460682,1561959.3232366322,8.038408397821943,15.112685865890542,0.06577825079241387,0.02782509564333413,0.5287524435637776,0.4,C,ok
18,False,True,6,17.05,0.0120904255620248,1.0,0.8236,1.0180911468150575,1.2857011288292972,231343.84474214324,322933.2920846236,0.32700000000000023,0.026765955502807498,235845.24002801607,0.2543359359867344,1537591.8003757454,6.519494733890304,9.502217694416212,0.10395574400446919,0.026765955502807498,0.6777389255947853,0.4,C,ok
19,False,True,6,19.1,0.0098797232877668,1.0,0.8245,1.0228668546832551,1.2850578535765278,231729.88308005998,274371.33997826366,0.3720000000000003,0.023020028890082478,201284.08231085847,0.28948113033562106,1532966.6366415184,7.615935741376908,12.575185362184135,0.08857409299941424,0.023020028890082478,0.674574600634281,0.4,C,ok
20,False,True,2,22.56,0.013379733045368,1.0,0.3163,0.38226071136929574,1.1999579270818452,91790.52564842686,329466.9252160778,0.2690000000000002,0.010484820076296641,260015.50637360197,0.22417452639708474,1035181.192102667,3.981228683397336,21.380865362094582,0.2888555497441711,0.010484820076296641,1.15,0.4,C,ok
21,False,True,6,18.91,0.0119559515762941,1.0,0.779,0.9751139568331425,1.2894361618361985,229101.94940524994,340763.69060471596,0.45900000000000035,0.026158142602772938,248819.6525010621,0.355969542025539,1589802.5100654121,6.3893767798692105,13.608364608724315,0.11074782838886355,0.026158142602772938,0.7076096031287448,0.4,C,ok
22,False,True,5,21.72,0.0125542055191985,1.0,0.6692,0.8195308129366327,1.2802218564191015,195875.28690727084,341663.83032138785,0.4287500000000003,0.021825405486466942,251287.64109483632,0.3349028903468759,1617275.9375228295,6.4359549497799105,15.344635432067266,0.13081899497954055,0.021825405486466942,0.8419451582638074,0.4,C,ok
23,False,True,7,17.23,0.0129062363799323,1.0,0.9527,1.179205302379203,1.2876791369758034,268212.9861179201,326988.7050480821,0.3395000000000002,0.030949695990822285,235676.93352930754,0.26365263694287816,1539076.277688374,6.530449351323483,8.518747228440008,0.08960177268937229,0.030949695990822285,0.5851398383367454,0.4,C,ok
24,False,True,4,19.75,0.008424050920394,1.0,0.562,0.6901262619765298,1.2742534193586013,159055.25578705873,252854.5598446971,0.3992500000000003,0.014351023481133986,189205.40015708568,0.3133207209292511,1559513.8512637445,8.242438376330567,21.832639417052448,0.1213011246742183,0.014351023481133986,0.9998170451068356,0.4,C,ok
25,False,True,3,22.92,0.0105740778504487,1.0,0.451,0.5238628243609333,1.2505258678101423,126085.35531513838,280905.84578743204,0.35250000000000026,0.011782622764329675,213713.125906078,0.28188141411043377,1421946.192156382,6.653527648934837,23.923486285565577,0.17284064344184447,0.011782622764329675,1.15,0.4,C,ok
26,False,True,4,16.58,0.0100475449428941,1.0,0.5792,0.7097586037026907,1.273675567962169,159313.90419352058,286563.74805830326,0.34700000000000025,0.01701155165866941,212390.95330409374,0.2724398651653393,1518842.6408389746,7.151164478575273,16.014992084893017,0.13594450507655745,0.01701155165866941,0.9721615157609735,0.4,C,ok
27,False,True,8,20.87,0.0094851586425198,1.0,1.0013,1.2964462450812921,1.2965854169500666,299042.4910786523,279723.402488739,0.6160000000000005,0.028905754098230207,203033.59940613518,0.4750940369582482,1560803.2256032955,7.687413463429599,16.435967570461568,0.06923318901836208,0.028905754098230207,0.5322241493759229,0.4,C,ok
28,False,True,8,18.32,0.0138920059344478,1.0,1.0393,1.2945644190585532,1.2916230066662522,303029.2643622031,355884.92360160465,0.3880000000000003,0.03582845339581425,255755.53243440532,0.30039725058896943,1583910.6229166335,6.193064946983563,8.38432089910038,0.08606365577630821,0.03582845339581425,0.532997809797514,0.4,C,ok
29,False,True,3,23.46,0.0112543281791204,1.0,0.4446,0.5312248244451333,1.2507681984945573,125988.99159518426,298082.9082223822,0.3780000000000003,0.012772158112589083,225112.6495034826,0.30221427156124253,1420859.4360909506,6.3117707477783,23.661958213887143,0.18219926641106096,0.012772158112589083,1.15,0.4,C,ok
30,True,False,8,26.87,0.0138410474886175,0.4389865110989411,0.9967,1.4100341237051726,1.2883409258108773,316619.7855787735,596350.5239708797,1.2473668457760057,0.06884183747246275,432803.72990127804,0.9681962443216785,1519421.2423314098,3.5106472919676266,14.064067431508699,0.13939020886231093,0.06884183747246275,0.48934985926927377,0.4,C,ok
31,True,False,2,33.42,0.0141258071666526,0.3513893852966265,0.4028,0.5513271274105997,1.14065459325153,104054.52127348242,414343.00372148183,0.5063846985007628,0.02427937421544235,328125.10308061127,0.4439421902973025,1173490.2117035857,3.576349997870451,18.284745988837845,0.32155689479071425,0.02427937421544235,1.15,0.4,C,ok
32,True,False,4,34.57,0.0198449065485029,0.5024791491942244,0.5113,0.7299965451914457,1.2581786578165177,171209.99126422737,879388.6550618262,0.5081472550861165,0.05279668073952498,669659.2191896215,0.40387527791003147,1587004.1654372432,2.3698683150479636,7.649633883284633,0.39884492600898497,0.05279668073952498,0.9452099527663429,0.4,C,terminated
33,True,False,5,32.7,0.0156886214388503,0.5219708587249197,0.683,0.9341385056406635,1.2642045496191279,210821.78887181953,600882.2370488951,0.8675492575050733,0.04709003531698164,449139.9625266479,0.686241208170342,1527122.887575553,3.4001046778039647,14.572960150719386,0.21724286855529196,0.04709003531698164,0.7386484935944,0.4,C,ok
34,True,False,3,29.28,0.0147527111164401,0.5815001926840433,0.5075,0.6762674521975559,1.2224498778456818,137490.6188626245,477589.7270274072,0.3517880597613298,0.029976794738435394,355779.5862894956,0.2877729926901252,1375701.9318770054,3.8667253122207117,9.599858664046922,0.26386833908171503,0.029976794738435394,1.0203063858209052,0.4,C,ok
35,True,False,6,29.78,0.01165809207797,0.4476442883289663,0.7914,1.1131677928201154,1.2755800605769056,246666.24342316392,502516.20458701206,1.0103411630160413,0.04705500614341874,369789.03228893346,0.7920640924404972,1499404.6511684346,4.054756956655436,16.83272742599095,0.15287048052195426,0.04705500614341874,0.6198526443636534,0.4,C,ok
36,True,False,7,30.65,0.0129128809546917,0.3300806725999971,0.9297,1.2976524716274083,1.2736515071527281,291388.67794641573,520618.3499594794,1.0490921058073008,0.05569094480381942,380452.2869246683,0.8236885049918922,1519441.6997870533,3.9937772803765834,14.79034891387588,0.13313947816220806,0.05569094480381942,0.5317294230054208,0.4,C,ok
37,True,False,8,25.8,0.0160356858984041,0.3603608430832254,0.9872,1.4000224287590008,1.2885618463825608,318844.19804610347,700601.4132601713,1.479324308243655,0.07954297428312929,510822.5902907033,1.1480429227333018,1541037.8001607535,3.016776919133053,14.432989627052413,0.1633694702512645,0.07954297428312929,0.49284924714500855,0.4,C,ok
38,True,False,5,31.19,0.0175326563975579,0.3072718691753753,0.7473,1.0097454397059555,1.2415427678328266,224127.01590479555,607743.685706928,0.7208729167097915,0.053792973752574524,466826.71139990643,0.5806267294103048,1501938.2398026409,3.2173356903650006,10.793728044873445,0.21239330044346852,0.053792973752574524,0.6833405459111878,0.4,C,ok
39,True,False,3,25.42,0.0170070720599339,0.4160654978784104,0.5545,0.7268540547952577,1.2011993101021012,143495.27822669846,493101.4914723588,0.33896030841441704,0.03445725587864312,369473.7600372534,0.28218490100997945,1335857.5811021437,3.61556820968139,8.18941885575049,0.26255803538335865,0.03445725587864312,0.9492964859284732,0.4,C,ok
40,True,False,5,27.98,0.0181565398044097,0.5476370322014736,0.6669,0.9126559437702316,1.268790694656208,208046.54999317645,727813.8407431426,0.9406623528042468,0.05466597993062894,539042.7628058952,0.7413849713479567,1542492.986823651,2.8615410376617745,13.5620905778836,0.264205604341728,0.05466597993062894,0.7560351792040845,0.4,C,ok
41,True,False,2,28.8,0.0101974304811341,0.5675567874702192,0.3688,0.5058067682638202,1.1708841910024168,98984.0634140615,360160.5140822043,0.381950298479548,0.01811707668061041,276722.1125822811,0.32620672600639766,1116307.375301432,4.034037485781,18.00548354224921,0.28507419776178833,0.01811707668061041,1.15,0.4,C,ok
42,True,False,6,34.21,0.0125153868123268,0.4648893984526811,0.7409,1.0503470804256136,1.2797518732761215,243748.33320639096,569379.8299118173,1.2990652348227816,0.048033141507522026,418964.01015915774,1.0150914891784597,1570285.3838563517,3.7480197481875,21.133148016552187,0.1752727447173128,0.048033141507522026,0.6569257085195147,0.4,C,ok
43,True,False,4,27.1,0.011137503548484,0.4930614778153998,0.584,0.8021120697664167,1.2542421607322478,172824.57703878602,476790.87337623385,0.8488949062439582,0.03375951935404686,358006.8953034452,0.6768189850581637,1457941.9006231439,4.072384972885503,20.04824114822687,0.21123467608249102,0.03375951935404686,0.8602289206306732,0.4,C,ok
44,True,False,8,31.91,0.0191171747553262,0.3825698350963611,0.934,1.320352008678336,1.2879745345511526,318642.9879375064,821200.19746699,1.7045625624393628,0.08379391484404475,604640.3454132418,1.3234443047691058,1632993.2954332668,2.7007679983994395,15.794038352692663,0.19349603995032208,0.08379391484404475,0.5225879125148494,0.4,C,ok
45,True,True,7,23.55,0.0091142329812269,0.5716993929090584,0.987,1.20985801117113,1.280861026969831,280695.95560863294,237061.653168262,0.39626844488256713,0.02321902178090912,175780.62395799553,0.3093766119342631,1569898.291932068,8.93100875729745,13.324274159931887,0.06385783214748667,0.02321902178090912,0.5703148581312341,0.4,C,ok
46,True,True,8,18.22,0.0106447903660882,0.5177993128512143,1.1059,1.4265339135899928,1.2884964668854482,314433.6030378452,278947.50494873174,0.42463376544463677,0.033912070597945654,206861.08347767827,0.32955757067076863,1491477.1966234269,7.210042466902033,9.718002022876561,0.06708557820106158,0.033912070597945654,0.4836898677463312,0.4,C,ok
47,True,True,7,21.22,0.0109896332486197,0.5410453132904598,0.9501,1.1859131763354376,1.2848772253510239,278029.4995091493,294949.62515962817,0.5420414355393763,0.027359983110469444,213530.86077306204,0.4218624354488753,1586381.9136007582,7.429286370398446,15.418958182304118,0.07831574746055275,0.027359983110469444,0.5818301151962513,0.4,C,ok
48,True,True,4,19.67,0.0134125908680372,0.3246143119333443,0.6817,0.8213621928514296,1.2302638683704568,182864.4894650407,310809.84824097663,0.4009543577401568,0.022248000377411647,238073.29393516554,0.32590923626103074,1506483.6953072837,6.3278147263235,14.648922632702117,0.13275797745803428,0.022248000377411647,0.8400678847958725,0.4,C,ok
49,True,True,3,17.0,0.0115213956609531,0.4373893474598183,0.6105,0.7166528235552232,1.2057636044970053,142315.66679983784,236479.35084439305,0.21728829733184613,0.01699978924059886,185968.05684754188,0.18020804121259723,1343735.1011335393,7.22562317374292,10.600604434684682,0.1332493090378828,0.01699978924059886,0.9628092952693579,0.4,C,ok
50,True,True,6,16.15,0.0081336095569871,0.5869007674420874,0.9053,1.1422390999169945,1.2799841042180393,241267.62579772953,224212.66806678154,0.34069129101350776,0.022842747611034997,166760.4597392161,0.2661683765374891,1429261.8264108244,8.570747697901153,11.652204939168834,0.0704812110275808,0.022842747611034997,0.6040766771599235,0.4,C,ok
51,True,True,8,23.83,0.0086254104660369,0.3779733105138265,1.0561,1.3430366815262083,1.288508162988275,318203.6528481888,247067.53571365032,0.7377107561759023,0.02546227557114855,177331.69399361912,0.5725309139408341,1603197.5951496223,9.040671518128676,22.48545745021989,0.056827758519291734,0.02546227557114855,0.513761097884455,0.4,C,ok
52,True,True,5,22.93,0.0125781885401415,0.3816931128825556,0.7609,0.9238114524228352,1.2564272228494815,216434.85740060918,306980.4445967293,0.4706248015229973,0.023017673987082266,230452.64333463743,0.37457386545291177,1585307.9253836502,6.879104975513968,16.27331526474509,0.10857599351336661,0.023017673987082266,0.7469056571991726,0.4,C,ok
53,True,True,7,21.75,0.0118286193088229,0.3029161231022214,1.0149,1.2457100841122153,1.271505092004096,293597.6091619311,292347.37879516167,0.52048498506206,0.02878569401850173,215008.18638094497,0.40934557662029664,1594796.5992411894,7.417376175693968,14.220451879923191,0.07467613043630267,0.02878569401850173,0.5539009507912467,0.4,C,ok
54,True,True,2,24.97,0.0122912571781891,0.4818119561090801,0.3663,0.43257105161184634,1.1665685798501915,99782.85880528743,284392.66733926965,0.3242700556130195,0.011094808306373327,233571.8913384624,0.2779691320459374,1125315.9081483027,4.817856727964066,25.053982400602646,0.2386953504293948,0.011094808306373327,1.15,0.4,C,ok
55,True,True,3,20.71,0.009205129887221,0.5388297335780022,0.52,0.6060815834962333,1.2273846586650208,136224.73969880684,232718.27010009723,0.36970892196555766,0.012367654558521735,181067.66228041166,0.3012168348003273,1520879.0073179456,8.399506505820051,24.355210874868643,0.13553898600326345,0.012367654558521735,1.138460594726664,0.4,C,ok
56,True,True,5,18.59,0.0128028909982626,0.4787209923903902,0.8113,0.9629603697968576,1.25898612057749,214093.16148130698,286174.7197058539,0.30086417158253215,0.02344626774159067,213707.3325342418,0.23897338236304577,1504402.8496350918,7.039547177886584,10.192384775131508,0.10178785268508406,0.02344626774159067,0.716540391112419,0.4,C,ok
57,True,True,5,22.11,0.0099682642773267,0.3538307301271558,0.8142,0.9782247971982357,1.2497069496750444,219936.33940158665,243160.8740228836,0.39791753176501155,0.02027100234445267,183930.8668929091,0.31840867322413485,1521346.3297897647,8.27129429382587,15.707593922274398,0.08527798887082487,0.02027100234445267,0.7053593427361998,0.4,C,ok
58,True,True,4,17.78,0.0101879728028763,0.4123792978722276,0.6409,0.7845825496409455,1.2510938363829347,174813.08168637118,274389.6356595047,0.46258166639193804,0.01841479310392563,206453.96133396006,0.36974178350148235,1507665.6863320423,7.302672598726461,20.078519558422922,0.12042831667681214,0.01841479310392563,0.8794485683065089,0.4,C,ok
59,True,True,2,19.16,0.0138777074312508,0.4412859942355827,0.4014,0.4855766177195512,1.159234412348411,101070.73119061855,291836.6350714482,0.27067827621878476,0.014094720366960634,238520.70095713306,0.2334974473975775,1139840.0789350513,4.778788903273865,16.566305773963258,0.2406467461268597,0.014094720366960634,1.15,0.4,C,ok
