fid,soft,deficient,n_storey,n_bay,fc,fy,rho_long,conf_ratio,r_k,col_b,col_h,beam_b,beam_h,xi,T1_s,T3_s
0,False,False,4,3,29510583.64604876,420000000.0,0.01348190034747227,1.3,1.0,0.471,0.471,0.3,0.5,0.05,0.5129,0.0849
1,False,False,3,3,30488812.768983815,420000000.0,0.01978769923642897,1.3,1.0,0.446,0.446,0.3,0.5,0.05,0.387,0.0671
2,False,False,2,3,32450861.754734747,420000000.0,0.015767720395131517,1.3,1.0,0.417,0.417,0.3,0.5,0.05,0.2832,0.0328
3,False,False,7,3,28618702.866872944,420000000.0,0.01117761345552561,1.3,1.0,0.504,0.504,0.3,0.5,0.05,0.8873,0.1546
4,False,False,5,3,25501261.633740395,420000000.0,0.014944242936525536,1.3,1.0,0.492,0.492,0.3,0.5,0.05,0.6366,0.1061
5,False,False,6,3,31100126.558442578,420000000.0,0.013207355126889803,1.3,1.0,0.513,0.513,0.3,0.5,0.05,0.7244,0.1219
6,False,False,8,3,26024872.155658096,420000000.0,0.011939253618679521,1.3,1.0,0.565,0.565,0.3,0.5,0.05,0.9689,0.1649
7,False,False,5,3,27943053.077628702,420000000.0,0.014437594907657648,1.3,1.0,0.478,0.478,0.3,0.5,0.05,0.6409,0.1085
8,False,False,5,3,26520180.61466418,420000000.0,0.017880603715015007,1.3,1.0,0.481,0.481,0.3,0.5,0.05,0.6315,0.1067
9,False,False,8,3,33774400.745158486,420000000.0,0.018869919441608943,1.3,1.0,0.575,0.575,0.3,0.5,0.05,0.8732,0.1476
10,False,False,4,3,27239798.52621195,420000000.0,0.01642839503250118,1.3,1.0,0.487,0.487,0.3,0.5,0.05,0.4982,0.0806
11,False,False,6,3,34935308.643239155,420000000.0,0.010050386963369864,1.3,1.0,0.535,0.535,0.3,0.5,0.05,0.7002,0.1152
12,False,False,2,3,31809631.891179707,420000000.0,0.018442420918487495,1.3,1.0,0.45,0.45,0.3,0.5,0.05,0.2561,0.0326
13,False,False,3,3,30322282.63041937,420000000.0,0.01694273133409622,1.3,1.0,0.409,0.409,0.3,0.5,0.05,0.4317,0.08
14,False,False,8,3,33224861.504547775,420000000.0,0.012199682548548543,1.3,1.0,0.553,0.553,0.3,0.5,0.05,0.9293,0.1595
15,False,True,4,3,24474888.810973193,220000000.0,0.010981986592775961,1.1,1.0,0.456,0.456,0.3,0.5,0.05,0.5576,0.0943
16,False,True,2,3,20570504.916781582,220000000.0,0.008379394824570187,1.1,1.0,0.418,0.418,0.3,0.5,0.05,0.3252,0.0374
17,False,True,8,3,24281026.40861629,220000000.0,0.009034685997916694,1.1,1.0,0.574,0.574,0.3,0.5,0.05,0.9947,0.168
18,False,True,6,3,17050247.276285917,220000000.0,0.012090425562024845,1.1,1.0,0.516,0.516,0.3,0.5,0.05,0.8236,0.1383
19,False,True,6,3,19099240.731333047,220000000.0,0.009879723287766885,1.1,1.0,0.51,0.51,0.3,0.5,0.05,0.8245,0.1392
20,False,True,2,3,22561114.760913767,220000000.0,0.013379733045368008,1.1,1.0,0.41,0.41,0.3,0.5,0.05,0.3163,0.0359
21,False,True,6,3,18905411.002240777,220000000.0,0.01195595157629414,1.1,1.0,0.545,0.545,0.3,0.5,0.05,0.779,0.1271
22,False,True,5,3,21724860.52821204,220000000.0,0.012554205519198565,1.1,1.0,0.491,0.491,0.3,0.5,0.05,0.6692,0.1116
23,False,True,7,3,17232755.226476815,220000000.0,0.012906236379932394,1.1,1.0,0.522,0.522,0.3,0.5,0.05,0.9527,0.1638
24,False,True,4,3,19747030.860909328,220000000.0,0.008424050920394053,1.1,1.0,0.487,0.487,0.3,0.5,0.05,0.562,0.0907
25,False,True,3,3,22915083.541264202,220000000.0,0.010574077850448746,1.1,1.0,0.429,0.429,0.3,0.5,0.05,0.451,0.0804
26,False,True,4,3,16581441.873263074,220000000.0,0.01004754494289419,1.1,1.0,0.484,0.484,0.3,0.5,0.05,0.5792,0.094
27,False,True,8,3,20871867.96853539,220000000.0,0.009485158642519856,1.1,1.0,0.6,0.6,0.3,0.5,0.05,1.0013,0.1658
28,False,True,8,3,18323417.40281781,220000000.0,0.013892005934447827,1.1,1.0,0.553,0.553,0.3,0.5,0.05,1.0393,0.1786
29,False,True,3,3,23458292.09514558,220000000.0,0.01125432817912044,1.1,1.0,0.431,0.431,0.3,0.5,0.05,0.4446,0.079
30,True,False,8,3,26871628.482265145,420000000.0,0.013841047488617506,1.3,0.4389865110989411,0.577,0.577,0.3,0.5,0.05,0.9967,0.1691
31,True,False,2,3,33418432.955351092,420000000.0,0.014125807166652665,1.3,0.3513893852966265,0.413,0.413,0.3,0.5,0.05,0.4028,0.0328
32,True,False,4,3,34572216.2204285,420000000.0,0.019844906548502995,1.3,0.5024791491942244,0.494,0.494,0.3,0.5,0.05,0.5113,0.0803
33,True,False,5,3,32698425.37977602,420000000.0,0.01568862143885039,1.3,0.5219708587249197,0.466,0.466,0.3,0.5,0.05,0.683,0.1161
34,True,False,3,3,29279289.82625431,420000000.0,0.01475271111644014,1.3,0.5815001926840433,0.401,0.401,0.3,0.5,0.05,0.5075,0.0883
35,True,False,6,3,29782340.611107077,420000000.0,0.011658092077970016,1.3,0.4476442883289663,0.522,0.522,0.3,0.5,0.05,0.7914,0.1319
36,True,False,7,3,30654010.90957317,420000000.0,0.012912880954691744,1.3,0.3300806725999971,0.531,0.531,0.3,0.5,0.05,0.9297,0.1577
37,True,False,8,3,25802301.327106863,420000000.0,0.01603568589840419,1.3,0.3603608430832254,0.6,0.6,0.3,0.5,0.05,0.9872,0.1647
38,True,False,5,3,31189549.349778175,420000000.0,0.01753265639755791,1.3,0.30727186917537536,0.468,0.468,0.3,0.5,0.05,0.7473,0.1214
39,True,False,3,3,25415761.85250461,420000000.0,0.01700707205993396,1.3,0.4160654978784104,0.407,0.407,0.3,0.5,0.05,0.5545,0.0891
40,True,False,5,3,27977301.71553201,420000000.0,0.018156539804409767,1.3,0.5476370322014736,0.485,0.485,0.3,0.5,0.05,0.6669,0.1116
41,True,False,2,3,28795425.8006807,420000000.0,0.010197430481134116,1.3,0.5675567874702192,0.405,0.405,0.3,0.5,0.05,0.3688,0.0344
42,True,False,6,3,34209379.55680069,420000000.0,0.012515386812326838,1.3,0.4648893984526811,0.542,0.542,0.3,0.5,0.05,0.7409,0.1215
43,True,False,4,3,27104017.214280963,420000000.0,0.01113750354848402,1.3,0.4930614778153998,0.478,0.478,0.3,0.5,0.05,0.584,0.0931
44,True,False,8,3,31912950.656532962,420000000.0,0.01911717475532628,1.3,0.3825698350963611,0.589,0.589,0.3,0.5,0.05,0.934,0.1571
45,True,True,7,3,23546970.946473077,220000000.0,0.009114232981226992,1.1,0.5716993929090584,0.501,0.501,0.3,0.5,0.05,0.987,0.1727
46,True,True,8,3,18216190.057396147,220000000.0,0.010644790366088263,1.1,0.5177993128512143,0.562,0.562,0.3,0.5,0.05,1.1059,0.1896
47,True,True,7,3,21220772.703272615,220000000.0,0.01098963324861973,1.1,0.5410453132904598,0.542,0.542,0.3,0.5,0.05,0.9501,0.1612
48,True,True,4,3,19665783.393333137,220000000.0,0.013412590868037214,1.1,0.32461431193334433,0.471,0.471,0.3,0.5,0.05,0.6817,0.1043
49,True,True,3,3,17002613.89954777,220000000.0,0.011521395660953145,1.1,0.43738934745981833,0.409,0.409,0.3,0.5,0.05,0.6105,0.0989
50,True,True,6,3,16154830.561124988,220000000.0,0.00813360955698712,1.1,0.5869007674420874,0.515,0.515,0.3,0.5,0.05,0.9053,0.1525
51,True,True,8,3,23825167.318298824,220000000.0,0.008625410466036917,1.1,0.37797331051382654,0.594,0.594,0.3,0.5,0.05,1.0561,0.1767
52,True,True,5,3,22931455.60288379,220000000.0,0.012578188540141533,1.1,0.38169311288255564,0.485,0.485,0.3,0.5,0.05,0.7609,0.1246
53,True,True,7,3,21751120.339930635,220000000.0,0.011828619308822931,1.1,0.30291612310222144,0.533,0.533,0.3,0.5,0.05,1.0149,0.1714
54,True,True,2,3,24965194.019469474,220000000.0,0.012291257178189104,1.1,0.4818119561090801,0.43,0.43,0.3,0.5,0.05,0.3663,0.0352
55,True,True,3,3,20711724.059280057,220000000.0,0.009205129887221013,1.1,0.5388297335780022,0.437,0.437,0.3,0.5,0.05,0.52,0.0844
56,True,True,5,3,18591330.584507775,220000000.0,0.012802890998262678,1.1,0.47872099239039023,0.454,0.454,0.3,0.5,0.05,0.8113,0.1388
57,True,True,5,3,22113048.819382757,220000000.0,0.009968264277326772,1.1,0.3538307301271558,0.47,0.47,0.3,0.5,0.05,0.8142,0.1339
58,True,True,4,3,17776448.60153776,220000000.0,0.010187972802876366,1.1,0.4123792978722276,0.498,0.498,0.3,0.5,0.05,0.6409,0.0982
59,True,True,2,3,19157943.938422896,220000000.0,0.013877707431250861,1.1,0.4412859942355827,0.425,0.425,0.3,0.5,0.05,0.4014,0.0372
