Year,Month,Day,Time,Lat,Lon,Depth,Mag,Region,Timestamp
2025,10,02,11:55:03,40.7641,27.9515,10.0,5.0,"22 km S of Marmara Ereğlisi, Turkey",1759406103
2025,07,05,11:24:21,40.7746,28.3086,10.0,3.8,"30 km SSW of Kumburgaz, Turkey",1751714661
2025,07,02,10:57:43,40.4645,29.1965,10.0,4.2,"4 km NE of Gemlik, Turkey",1751453863
2025,07,01,09:57:35,40.3824,29.1837,10.0,4.0,"3 km S of Umurbey, Turkey",1751363855
2025,05,03,08:36:55,40.8256,28.2152,10.0,3.7,"27 km SE of Marmara Ereğlisi, Turkey",1746261415
2025,04,25,17:33:16,40.8537,28.4298,10.0,4.3,"19 km SSW of Kumburgaz, Turkey",1745602396
2025,04,23,12:12:57,40.8489,28.2741,10.0,4.9,"24 km SSW of Selimpaşa, Turkey",1745410377
2025,04,23,11:50:34,40.8719,28.2722,10.0,4.0,"21 km SSW of Selimpaşa, Turkey",1745409034
2025,04,23,10:46:14,40.7814,28.3191,10.0,4.3,"29 km SSW of Kumburgaz, Turkey",1745405174
2025,04,23,10:02:33,40.8888,28.4829,10.0,5.0,"14 km S of Kumburgaz, Turkey",1745402553
2025,04,23,10:02:11,40.8412,28.4987,10.0,4.5,"19 km SSW of Gürpınar, Turkey",1745402531
2025,04,23,10:01:04,40.8471,28.2332,10.0,4.5,"25 km S of Silivri, Turkey",1745402464
2025,04,23,09:49:11,40.8342,28.1897,12.7,6.2,"24 km SE of Marmara Ereğlisi, Turkey",1745401751
2024,05,26,21:38:19,40.8178,28.3083,15.1,3.3,"26 km S of Selimpaşa, Turkey",1716759499
2024,02,27,13:09:54,40.2968,26.9768,12.0,4.2,"23 km WNW of Biga, Turkey",1709039394
2024,01,27,03:17:35,40.5159,28.8116,10.0,3.0,"16 km NNW of Mudanya, Turkey",1706325455
2023,12,17,20:53:53,40.73,29.0587,12.4,4.2,"10 km NNW of Çınarcık, Turkey",1702846433
2023,12,04,07:42:20,40.4371,28.848,10.1,5.1,"7 km NNW of Mudanya, Turkey",1701675740
2023,11,07,20:05:47,40.4965,27.5314,11.8,4.1,"10 km SSW of Marmara, Turkey",1699387547
2022,12,13,03:21:17,40.3524,27.0261,10.0,4.2,"22 km NW of Biga, Turkey",1670901677
2022,07,21,15:44:25,40.1461,27.3855,26.6,4.3,"15 km SE of Biga, Turkey",1658418265
2022,03,22,14:10:57,40.0699,28.6157,10.0,4.4,"18 km E of Mustafakemalpa?a, Turkey",1647958257
2022,02,20,20:20:11,40.769,27.404,10.0,4.4,"13 km SSW of Kumba?, Turkey",1645388411
2022,02,06,12:07:52,40.5313,28.9725,11.0,4.2,"11 km SSW of Kocadere, Turkey",1644149272
2021,06,19,12:07:52,40.9881,29.1424,9.8,3.5,"2 km ENE of Ata?ehir, Turkey",1624104472
2020,09,24,13:38:30,40.8777,28.0878,10.0,4.4,"15 km SE of Marmara Ere?lisi, Turkey",1600954710
2020,09,08,21:57:24,40.6937,27.3635,10.0,4.3,"20 km NW of Marmara, Turkey",1599602244
2020,03,08,04:21:05,40.7105,29.2313,10.0,4.4,"7 km NNW of Yalova, Turkey",1583641265
2020,01,11,13:37:37,40.9289,28.2394,10.0,4.9,"16 km S of Silivri, Turkey",1578749857
2019,10,10,16:52:03,40.7283,29.2125,10.0,4.3,"9 km NNE of Koruköy, Turkey",1570726323
2019,09,26,20:20:18,40.8151,28.1964,10.0,4.3,"26 km SE of Marmara Ere?lisi, Turkey",1569529218
2019,09,26,20:02:41,40.849,28.1699,10.0,4.5,"22 km SE of Marmara Ere?lisi, Turkey",1569528161
2019,09,26,11:26:37,40.8568,28.1814,10.0,4.4,"22 km ESE of Marmara Ere?lisi, Turkey",1569497197
2019,09,26,10:59:25,40.9035,28.1502,8.0,5.7,"17 km ESE of Marmara Ere?lisi, Turkey",1569495565
2019,09,24,08:00:24,40.8578,28.1454,10.0,4.9,"20 km SE of Marmara Ere?lisi, Turkey",1569312024
2019,06,02,13:08:47,40.7824,30.7838,5.4,4.5,"3 km ESE of Hendek, Turkey",1559480927
2019,04,12,13:03:48,40.7066,30.6426,10.0,4.4,"2 km NE of Akyaz?, Turkey",1555074228
2019,02,19,21:33:56,40.375,27.0809,10.0,4.1,"21 km NW of Biga, Turkey",1550612036
2019,01,11,16:09:57,40.1781,28.7761,10.0,3.4,"23 km SSW of Mudanya, Turkey",1547222997
2019,01,05,04:20:15,40.4257,28.357,10.0,3.7,"23 km N of Karacabey, Turkey",1546662015
2018,12,20,06:34:25,40.6063,28.9761,10.0,4.3,"5 km WSW of Kocadere, Turkey",1545287665
2018,11,30,02:36:35,40.595,28.955,10.0,4.2,"7 km WSW of Kocadere, Turkey",1543545395
2018,05,03,02:04:34,40.0364,26.8817,10.0,4.3,"14 km W of Çan, Turkey",1525313074
2017,12,31,20:12:02,40.5104,27.8564,11.8,4.3,"13 km NNE of Erdek, Turkey",1514751122
2017,07,22,22:12:32,40.1102,27.1829,6.7,4.1,"14 km SSW of Biga, Turkey",1500761552
2016,10,16,14:11:25,40.8652,30.9058,10.0,4.3,"15 km ENE of Hendek, Turkey",1476627085
2016,07,17,08:55:41,40.7118,29.18,7.4,4.2,"6 km NNE of Koruköy, Turkey",1468745741
2016,06,25,05:40:11,40.7032,29.2147,6.8,4.1,"6 km NE of Koruköy, Turkey",1466833211
2016,06,07,04:09:45,40.2627,29.146,11.5,4.4,"4 km ESE of Demirta?, Turkey",1465272585
2016,01,01,09:11:14,40.053,30.527,5.0,4.1,"5 km NW of Mihalgazi, Turkey",1451639474
2015,11,16,15:45:44,40.8751,28.7644,9.3,4.4,"14 km SSE of Yakuplu, Turkey",1447688744
2015,10,28,16:20:02,40.82,27.765,12.7,4.4,"23 km SW of Marmara Ere?lisi, Turkey",1446049202
2015,07,24,06:54:09,40.2527,26.302,11.3,4.2,"8 km NNW of Eceabat, Turkey",1437720849
2015,07,24,02:39:43,40.2844,26.266,9.7,4.8,"13 km NW of Eceabat, Turkey",1437705583
2015,07,24,01:26:00,40.248,26.297,11.6,4.4,"8 km NW of Eceabat, Turkey",1437701160
2015,01,23,10:19:42,40.065,28.587,5.0,4.2,"15 km E of Mustafakemalpa?a, Turkey",1422008382
2014,12,16,09:02:13,40.148,27.074,8.8,4.4,"12 km N of Çan, Turkey",1418720533
2014,10,22,17:11:05,40.4047,30.1188,7.6,4.3,"10 km ENE of Osmaneli, Turkey",1413997865
2014,08,03,22:22:45,40.6243,29.2073,10.0,4.0,"1 km WNW of Kad?köy, Turkey",1407104565
2014,07,16,11:59:28,40.2592,26.2392,14.0,4.0,"13 km NW of Eceabat, Turkey",1405511968
2014,07,09,23:45:02,40.4308,26.2658,14.9,4.4,"28 km NNW of Eceabat, Turkey",1404949502
2014,07,03,05:04:46,40.2083,27.9282,12.1,4.6,"16 km SSW of Band?rma, Turkey",1404363886
2014,02,05,01:56:44,41.3725,28.6327,12.0,3.8,"8 km NNW of Durusu, Turkey",1391565404
2013,11,27,04:21:35,40.8478,27.9123,7.4,4.0,"13 km SSW of Marmara Ere?lisi, Turkey",1385526095
2013,11,27,04:13:37,40.851,27.9198,9.6,4.5,"13 km SSW of Marmara Ere?lisi, Turkey",1385525617
2013,08,29,09:03:24,40.4567,29.1227,3.2,3.3,"2 km SE of Küçükkumla, Turkey",1377767004
2013,08,29,06:20:34,40.3423,27.4427,14.1,4.4,"21 km NE of Biga, Turkey",1377757234
2013,08,17,18:16:31,40.4095,29.1213,5.7,4.1,"4 km SW of Gemlik, Turkey",1376763391
2012,06,07,20:54:25,40.848,27.921,14.9,4.9,"13 km SSW of Marmara Ere?lisi, Turkey",1339102465
2012,05,04,05:38:13,40.314,26.995,11.3,4.4,"23 km WNW of Biga, Turkey",1336109893
2011,08,16,17:30:06,40.439,28.895,5.1,4.0,"7 km N of Mudanya, Turkey",1313515806
2011,07,25,17:57:20,40.802,27.752,16.4,5.1,"25 km SW of Marmara Ere?lisi, Turkey",1311616640
2011,07,11,16:09:12,40.247,29.954,5.0,4.5,"5 km W of Vezirhan, Turkey",1310400552
2011,03,30,17:07:20,40.039,27.858,15.2,4.4,"9 km W of Manyas, Turkey",1301504840
2011,01,20,02:09:37,40.71,29.763,11.8,4.1,"1 km SE of Hal?dere, Turkey",1295489377
2010,12,31,20:57:36,40.597,27.367,8.6,4.5,"15 km W of Marmara, Turkey",1293829056
2010,11,03,02:51:27,40.423,26.333,15.3,5.3,"26 km N of Eceabat, Turkey",1288752687
2010,10,03,17:49:02,40.847,28.11,11.2,4.4,"18 km SE of Marmara Ere?lisi, Turkey",1286128142
2010,06,11,10:56:44,40.43,28.925,12.1,4.3,"7 km NNE of Mudanya, Turkey",1276253804
2010,05,15,14:08:23,41.183,30.121,8.9,4.3,"9 km W of Kefken, Turkey",1273932503
2009,08,08,13:52:38,40.322,27.367,6.7,4.3,"14 km NE of Biga, Turkey",1249739558
2009,01,24,15:58:38,40.798,27.785,11.2,4.6,Western Turkey,1232812718
2008,10,22,01:00:35,40.748,29.174,9.4,3.6,"10 km N of Koruköy, Turkey",1224637235
2008,10,05,06:04:05,40.65,29.017,8.5,4.1,"2 km NNW of Kocadere, Turkey",1223186645
2008,07,17,01:43:01,40.25,28.027,6.5,3.3,"12 km SSE of Band?rma, Turkey",1216258981
2008,07,15,09:19:48,40.369,27.448,6.0,4.1,"23 km NE of Biga, Turkey",1216113588
2008,07,14,16:02:12,40.728,27.369,10.4,3.7,"18 km SSW of Kumba?, Turkey",1216051332
2008,07,09,04:54:48,40.466,28.721,2.8,3.6,"16 km NW of Mudanya, Turkey",1215579288
2008,06,29,08:28:01,40.459,29.021,5.0,3.9,"6 km W of Küçükkumla, Turkey",1214728081
2008,06,13,11:02:22,40.372,28.005,5.9,3.7,Western Turkey,1213354942
2008,06,05,00:42:21,40.189,26.902,3.3,3.1,"21 km NW of Çan, Turkey",1212626541
2008,06,03,22:53:31,40.157,26.915,6.6,3.5,"18 km NW of Çan, Turkey",1212533611
2008,06,03,06:59:21,40.174,26.913,9.0,3.8,"19 km NW of Çan, Turkey",1212476361
2008,06,02,17:24:21,40.17,26.99,28.0,3.4,"16 km NNW of Çan, Turkey",1212427461
2008,06,01,22:21:55,40.148,26.915,5.0,3.7,"17 km NW of Çan, Turkey",1212358915
2008,06,01,03:35:24,40.213,26.928,7.8,4.1,"22 km NNW of Çan, Turkey",1212291324
2008,05,19,10:18:16,40.5,27.8,10.0,4.0,"11 km N of Erdek, Turkey",1211192296
2008,05,17,23:43:25,40.393,27.094,6.5,3.6,"22 km NW of Biga, Turkey",1211067805
2008,05,12,15:11:25,40.633,27.376,21.5,3.9,"16 km WNW of Marmara, Turkey",1210605085
2008,05,10,18:35:06,40.49,27.15,10.0,3.4,"30 km NNW of Biga, Turkey",1210444506
2008,04,12,03:25:20,40.375,27.424,8.7,3.5,"22 km NE of Biga, Turkey",1207970720
2008,03,26,11:49:03,40.54,26.81,10.0,3.7,"18 km NE of Gelibolu, Turkey",1206532143
2008,03,23,19:46:56,40.137,26.968,9.6,3.1,"13 km NNW of Çan, Turkey",1206301616
2008,03,17,04:24:47,40.242,27.986,9.2,3.6,"12 km S of Band?rma, Turkey",1205727887
2008,03,14,00:25:41,40.681,30.517,10.0,3.8,"4 km NNW of Karapürçek, Turkey",1205454341
2008,03,12,18:53:31,40.621,29.011,11.2,4.3,,1205348011
2008,02,28,12:06:09,40.74,27.27,10.0,3.9,"22 km SW of Kumba?, Turkey",1204200369
2008,02,21,08:45:29,40.798,27.748,9.4,3.8,"25 km SW of Marmara Ere?lisi, Turkey",1203583529
2008,01,28,00:50:43,40.13,28.957,5.0,3.5,"7 km WNW of Kirazl?, Turkey",1201481443
2008,01,27,18:55:43,40.801,27.742,9.0,3.3,"25 km ESE of Kumba?, Turkey",1201460143
2007,12,14,01:43:52,40.475,27.114,8.6,3.6,"29 km NNW of Biga, Turkey",1197596632
2007,12,11,06:03:10,40.862,28.163,5.0,3.0,"21 km SE of Marmara Ere?lisi, Turkey",1197352990
2007,12,09,03:20:09,40.375,27.413,15.8,3.7,"21 km NE of Biga, Turkey",1197170409
2007,11,29,09:29:30,40.604,27.429,4.7,3.4,"10 km W of Marmara, Turkey",1196328570
2007,10,25,11:02:32,40.851,28.694,5.4,2.7,"15 km SSE of Beylikdüzü, Turkey",1193310152
2007,10,10,12:16:50,40.284,28.022,4.8,3.5,"8 km SSE of Band?rma, Turkey",1192018610
2007,10,08,14:06:01,40.725,27.417,8.0,3.7,"17 km SSW of Kumba?, Turkey",1191852361
2007,08,18,07:37:39,40.569,27.01,18.6,4.0,Western Turkey,1187422659
2007,08,11,23:26:25,40.373,27.498,14.0,3.3,"24 km SSW of Marmara, Turkey",1186874785
2007,08,09,23:05:32,40.935,30.754,7.1,2.8,"15 km N of Hendek, Turkey",1186700732
2007,08,01,19:03:09,40.754,30.082,10.0,3.9,"6 km ENE of Köseköy, Turkey",1185994989
2007,08,01,18:57:16,40.624,27.258,4.9,3.5,"25 km W of Marmara, Turkey",1185994636
2007,07,10,04:06:57,40.364,27.045,8.5,3.0,"22 km NW of Biga, Turkey",1184040417
2007,07,09,18:26:51,40.42,27.83,9.0,3.5,"3 km NE of Erdek, Turkey",1184005611
2007,06,06,08:15:27,40.399,27.449,6.2,3.5,"22 km SSW of Marmara, Turkey",1181117727
2007,05,27,19:43:02,40.729,27.368,6.6,3.3,"18 km SSW of Kumba?, Turkey",1180294982
2007,05,22,20:40:13,40.62,26.95,10.0,3.4,"30 km S of Malkara, Turkey",1179866413
2007,05,10,22:06:05,40.57,26.61,10.0,3.4,"18 km NNW of Gelibolu, Turkey",1178834765
2007,05,10,12:01:43,40.654,29.007,5.5,2.8,"3 km NW of Kocadere, Turkey",1178798503
2007,05,08,04:30:06,40.817,27.512,6.5,3.3,"8 km SSE of Kumba?, Turkey",1178598606
2007,03,17,14:10:56,40.071,27.726,8.0,2.7,"7 km ESE of Gönen, Turkey",1174140656
2007,03,09,13:43:58,40.425,26.287,7.1,3.7,"27 km NNW of Eceabat, Turkey",1173447838
2007,02,16,01:12:15,40.415,27.629,14.0,3.4,"14 km W of Erdek, Turkey",1171588335
2007,02,10,12:55:51,40.576,28.358,16.6,2.8,"40 km N of Karacabey, Turkey",1171112151
2007,02,08,13:18:16,40.84,28.709,10.7,2.8,Western Turkey,1170940696
2007,02,06,01:03:24,40.918,30.841,5.9,3.5,"15 km S of Kocaali, Turkey",1170723804
2007,02,05,11:43:59,40.771,27.41,10.8,3.7,"13 km SSW of Kumba?, Turkey",1170675839
2007,01,28,18:06:59,40.586,28.39,6.4,4.0,"41 km N of Karacabey, Turkey",1170007619
2007,01,25,19:42:46,40.446,27.931,10.0,3.5,"11 km NNW of Band?rma, Turkey",1169754166
2007,01,22,11:50:56,40.219,29.66,12.1,2.7,"5 km S of Yeni?ehir, Turkey",1169466656
2007,01,14,16:35:48,40.714,27.483,10.0,3.9,"15 km NNW of Marmara, Turkey",1168792548
2007,01,14,08:27:45,40.702,29.156,13.2,2.7,"5 km N of Koruköy, Turkey",1168763265
2007,01,08,23:33:22,40.42,28.99,5.4,3.1,"10 km ENE of Mudanya, Turkey",1168299202
2006,12,31,04:15:24,40.489,29.167,5.0,2.6,"5 km ENE of Küçükkumla, Turkey",1167538524
2006,12,30,19:25:11,40.474,27.677,10.0,2.5,"12 km NW of Erdek, Turkey",1167506711
2006,12,30,16:48:31,40.321,28.052,4.0,2.6,"7 km ESE of Band?rma, Turkey",1167497311
2006,12,28,07:04:04,40.447,30.31,7.0,2.8,"6 km SSE of Geyve, Turkey",1167289444
2006,12,25,02:37:52,40.431,28.983,14.0,2.5,"10 km NE of Mudanya, Turkey",1167014272
2006,12,24,09:14:16,40.438,28.802,17.0,2.6,"9 km NW of Mudanya, Turkey",1166951656
2006,12,24,05:14:40,40.037,29.034,5.0,2.5,"6 km S of Kirazl?, Turkey",1166937280
2006,12,19,19:15:37,40.391,28.321,11.1,4.6,"20 km N of Karacabey, Turkey",1166555737
2006,12,14,07:54:18,40.54,26.82,10.0,3.6,"19 km NE of Gelibolu, Turkey",1166082858
2006,12,07,22:22:30,40.294,27.992,11.0,3.6,"6 km SSE of Band?rma, Turkey",1165530150
2006,12,05,08:10:27,40.109,27.035,5.0,2.6,"8 km N of Çan, Turkey",1165306227
2006,12,05,07:00:09,40.342,28.531,23.4,2.8,"20 km NE of Karacabey, Turkey",1165302009
2006,11,22,01:30:10,40.808,27.754,20.0,3.6,"24 km SW of Marmara Ere?lisi, Turkey",1164159010
2006,11,12,07:44:22,40.23,27.986,8.9,3.0,"13 km S of Band?rma, Turkey",1163317462
2006,11,04,02:56:35,40.283,28.04,12.1,2.9,"9 km SE of Band?rma, Turkey",1162608995
2006,10,28,15:28:26,40.642,29.233,5.6,3.3,"2 km NNE of Kad?köy, Turkey",1162049306
2006,10,25,11:56:03,40.423,28.996,14.6,3.7,"10 km WSW of Küçükkumla, Turkey",1161777363
2006,10,25,11:12:07,40.468,29.064,15.8,2.9,"3 km W of Küçükkumla, Turkey",1161774727
2006,10,25,00:56:55,40.408,29.004,10.3,3.9,"10 km SW of Küçükkumla, Turkey",1161737815
2006,10,24,16:06:43,40.69,27.35,46.0,3.6,"20 km WNW of Marmara, Turkey",1161706003
2006,10,24,14:00:21,40.424,29.107,9.3,5.0,"4 km W of Gemlik, Turkey",1161698421
2006,10,24,09:22:29,40.789,27.503,21.2,2.9,"11 km SSE of Kumba?, Turkey",1161681749
2006,10,24,08:55:28,40.265,28.003,15.1,3.0,"9 km SSE of Band?rma, Turkey",1161680128
2006,10,21,07:30:36,40.288,28.001,8.4,3.7,"7 km SSE of Band?rma, Turkey",1161415836
2006,10,20,18:15:26,40.236,28.059,10.0,4.8,"14 km SSE of Band?rma, Turkey",1161368126
2006,10,12,18:12:44,40.28,26.92,7.0,3.7,"21 km ESE of Lapseki, Turkey",1160676764
2006,08,01,21:40:37,40.776,28.013,11.6,3.7,"21 km SSE of Marmara Ere?lisi, Turkey",1154468437
2006,06,28,19:24:03,40.792,27.702,14.0,2.9,"22 km ESE of Kumba?, Turkey",1151522643
2006,06,27,21:22:09,40.79,27.686,20.0,2.7,"21 km ESE of Kumba?, Turkey",1151443329
2006,06,27,12:43:54,40.79,27.485,5.0,2.8,"10 km SSE of Kumba?, Turkey",1151412234
2006,06,27,12:04:16,40.814,27.691,8.0,2.6,"20 km ESE of Kumba?, Turkey",1151409856
2006,06,27,00:23:32,40.8,27.697,15.0,3.3,"22 km ESE of Kumba?, Turkey",1151367812
2006,06,26,20:05:09,40.818,27.682,12.0,2.7,"20 km ESE of Kumba?, Turkey",1151352309
2006,05,29,16:57:25,40.288,27.303,11.6,3.8,"8 km NE of Biga, Turkey",1148921845
2006,05,29,09:10:23,40.34,29.138,13.9,2.9,"8 km NNE of Demirta?, Turkey",1148893823
2006,04,27,13:15:42,40.612,29.256,6.7,2.8,"2 km ESE of Kad?köy, Turkey",1146143742
2006,04,27,11:56:30,40.613,29.284,7.2,2.8,"4 km S of Yalova, Turkey",1146138990
2006,04,17,11:25:46,40.207,27.696,15.7,2.9,"11 km NNE of Gönen, Turkey",1145273146
2006,03,28,13:07:00,40.566,28.12,12.8,3.9,"26 km NNE of Band?rma, Turkey",1143551220
2006,03,16,10:03:30,40.686,30.321,12.5,3.3,"4 km E of Sapanca, Turkey",1142503410
2006,03,16,10:01:09,40.699,30.326,19.3,3.1,"5 km E of Sapanca, Turkey",1142503269
2006,03,15,19:46:08,40.16,27.66,10.0,3.6,"6 km N of Gönen, Turkey",1142451968
2006,02,10,18:58:50,40.752,30.618,12.6,3.2,"7 km N of Akyaz?, Turkey",1139597930
2006,02,08,05:24:25,40.69,30.349,10.7,3.8,"6 km E of Sapanca, Turkey",1139376265
2006,02,08,04:07:41,40.704,30.352,8.8,4.6,"7 km E of Sapanca, Turkey",1139371661
2006,01,13,17:08:58,40.371,27.111,6.3,3.4,"19 km NW of Biga, Turkey",1137172138
2005,12,28,15:41:47,40.477,29.158,5.0,2.5,"4 km E of Küçükkumla, Turkey",1135784507
2005,12,26,14:03:05,40.245,29.632,25.0,2.8,"2 km SW of Yeni?ehir, Turkey",1135605785
2005,12,26,04:08:25,40.392,27.608,16.0,2.8,"15 km W of Erdek, Turkey",1135570105
2005,12,24,22:49:45,40.796,27.652,28.0,2.6,"18 km ESE of Kumba?, Turkey",1135464585
2005,12,24,10:12:34,40.664,30.695,27.0,2.7,"6 km ESE of Akyaz?, Turkey",1135419154
2005,12,24,01:54:37,40.242,29.012,5.0,2.9,"6 km NW of Bursa, Turkey",1135389277
2005,12,09,21:07:17,40.289,27.316,17.8,3.6,"9 km NE of Biga, Turkey",1134162437
2005,12,09,17:47:00,40.725,30.595,4.8,2.8,"5 km NNW of Akyaz?, Turkey",1134150420
2005,11,26,22:27:49,40.663,29.081,9.1,3.7,"4 km WNW of Ç?narc?k, Turkey",1133044069
2005,11,20,14:00:25,40.47,26.39,29.0,3.0,"24 km WNW of Gelibolu, Turkey",1132495225
2005,11,04,20:12:08,40.7,27.298,12.7,4.1,"24 km SW of Kumba?, Turkey",1131135128
2005,08,19,08:14:21,40.4,28.06,5.0,3.5,"8 km NE of Band?rma, Turkey",1124439261
2005,07,08,23:57:36,40.31,27.73,47.0,3.6,"11 km SSW of Erdek, Turkey",1120867056
2005,05,24,01:01:00,40.32,27.89,45.0,3.3,"8 km WSW of Band?rma, Turkey",1116896460
2005,05,06,21:51:07,40.092,27.861,13.2,3.0,"10 km WNW of Manyas, Turkey",1115416267
2005,04,30,21:11:57,40.71,30.292,5.3,3.2,"2 km NE of Sapanca, Turkey",1114895517
2005,04,25,12:45:55,40.675,30.115,5.8,2.9,"11 km SE of Köseköy, Turkey",1114433155
2005,04,14,11:14:58,40.051,29.01,14.2,2.7,"6 km SSW of Kirazl?, Turkey",1113477298
2005,04,09,21:28:41,40.067,27.652,12.4,2.8,"4 km S of Gönen, Turkey",1113082121
2005,04,04,05:25:31,40.42,26.26,27.0,3.4,"27 km NNW of Eceabat, Turkey",1112592331
2005,03,27,09:32:18,40.708,27.442,10.0,3.8,"16 km NW of Marmara, Turkey",1111915938
2005,03,23,14:42:08,41.088,27.693,13.7,2.7,"11 km SW of Çorlu, Turkey",1111588928
2005,03,23,13:55:06,40.637,30.177,8.7,3.0,"9 km SW of Sapanca, Turkey",1111586106
2005,03,17,06:59:27,40.23,27.49,38.0,3.1,"19 km NW of Gönen, Turkey",1111042767
2005,03,08,19:00:42,40.749,27.299,17.5,2.9,"20 km SW of Kumba?, Turkey",1110308442
2005,02,11,09:10:23,40.624,27.707,18.4,3.1,"13 km ENE of Marmara, Turkey",1108113023
2005,02,11,07:16:11,40.784,27.432,11.2,2.8,"11 km SSW of Kumba?, Turkey",1108106171
2005,02,05,07:35:22,40.658,29.095,22.7,2.7,"2 km WNW of Ç?narc?k, Turkey",1107588922
2005,01,16,09:57:53,40.608,27.717,20.9,3.6,"13 km E of Marmara, Turkey",1105869473
2005,01,06,20:10:34,40.77,30.877,6.6,3.0,"11 km ESE of Hendek, Turkey",1105042234
2004,12,20,13:31:56,40.663,27.484,17.4,3.8,"10 km NW of Marmara, Turkey",1103549516
2004,12,15,04:27:17,40.744,27.572,9.3,3.9,"17 km N of Marmara, Turkey",1103084837
2004,11,28,04:07:41,40.237,29.026,4.7,2.8,"5 km NNW of Bursa, Turkey",1101614861
2004,11,24,18:14:06,40.6,29.007,9.7,2.8,"3 km SSW of Kocadere, Turkey",1101320046
2004,10,23,22:52:28,40.775,27.563,5.8,2.7,"14 km SE of Kumba?, Turkey",1098571948
2004,10,22,19:10:12,40.969,30.227,10.0,2.9,"9 km SW of Kaynarca, Turkey",1098472212
2004,09,29,15:51:28,40.777,29.041,10.8,3.2,"11 km SSW of Adalan, Turkey",1096473088
2004,09,29,15:42:07,40.781,29.02,12.5,4.0,"12 km SSW of Adalan, Turkey",1096472527
2004,08,26,00:46:51,41.157,26.43,10.0,2.9,"3 km S of Meriç, Turkey",1093481211
2004,08,13,17:48:30,40.71,26.35,3.7,3.6,"22 km E of Enez, Turkey",1092419310
2004,08,13,15:13:38,40.638,26.927,0.0,3.9,"28 km S of Malkara, Turkey",1092410018
2004,06,24,00:55:48,40.348,26.33,7.0,2.9,"18 km N of Eceabat, Turkey",1088038548
2004,06,20,00:02:51,40.504,26.978,20.0,3.6,"28 km ENE of Gelibolu, Turkey",1087689771
2004,06,05,14:27:37,40.768,27.484,13.4,2.6,"12 km S of Kumba?, Turkey",1086445657
2004,05,31,23:37:02,40.932,27.418,28.0,2.5,"6 km NNW of Kumba?, Turkey",1086046622
2004,05,31,22:50:08,40.511,30.603,8.0,4.0,"15 km SSE of Karapürçek, Turkey",1086043808
2004,05,31,10:37:39,40.802,27.8,5.0,2.7,"22 km SW of Marmara Ere?lisi, Turkey",1085999859
2004,05,31,10:01:42,41.066,29.324,12.0,2.6,"10 km NE of Sancaktepe, Turkey",1085997702
2004,05,31,06:36:30,40.11,28.689,8.0,2.8,Western Turkey,1085985390
2004,05,31,00:36:04,40.725,30.006,10.0,2.6,"1 km E of Kullar, Turkey",1085963764
2004,05,30,22:22:45,40.815,27.788,5.0,2.7,"22 km SW of Marmara Ere?lisi, Turkey",1085955765
2004,05,30,20:46:22,40.417,27.621,16.0,2.8,"14 km W of Erdek, Turkey",1085949982
2004,05,30,08:18:40,40.295,27.356,2.0,2.7,"12 km NE of Biga, Turkey",1085905120
2004,05,28,13:01:20,40.282,27.859,10.0,3.1,"12 km SW of Band?rma, Turkey",1085749280
2004,05,27,15:37:48,40.793,27.457,7.0,2.7,"9 km S of Kumba?, Turkey",1085672268
2004,05,26,12:30:23,40.413,27.588,28.0,2.1,"17 km W of Erdek, Turkey",1085574623
2004,05,25,05:40:48,40.438,29.135,8.0,3.7,"2 km WNW of Gemlik, Turkey",1085463648
2004,05,25,02:43:43,40.768,27.385,17.0,2.8,"14 km SSW of Kumba?, Turkey",1085453023
2004,05,24,15:56:51,40.924,30.41,5.0,2.8,"5 km WNW of Sö?ütlü, Turkey",1085414211
2004,05,24,13:55:41,40.591,29.23,6.0,2.5,"3 km S of Kad?köy, Turkey",1085406941
2004,05,24,09:07:48,41.124,28.885,8.0,2.4,"2 km NE of Sultangazi, Turkey",1085389668
2004,05,24,00:31:32,40.477,28.702,5.0,2.4,"19 km NW of Mudanya, Turkey",1085358692
2004,05,24,00:28:11,40.378,28.625,10.0,2.7,"21 km W of Mudanya, Turkey",1085358491
2004,05,23,15:29:21,41.069,29.336,15.0,2.8,"11 km NE of Sancaktepe, Turkey",1085326161
2004,05,22,14:49:18,40.329,29.434,9.0,2.9,"7 km SSE of Sölöz, Turkey",1085237358
2004,05,22,10:02:30,41.029,29.319,11.0,2.8,"7 km ENE of Sancaktepe, Turkey",1085220150
2004,05,21,12:44:26,40.812,29.497,8.0,2.5,"1 km WSW of Tav?anl?, Turkey",1085143466
2004,05,21,12:06:19,40.575,30.293,9.0,2.8,"7 km N of Geyve, Turkey",1085141179
2004,05,21,11:20:44,40.81,29.465,8.0,2.6,"3 km ENE of Gebze, Turkey",1085138444
2004,05,21,10:44:52,41.071,29.33,13.0,2.7,"11 km NE of Sancaktepe, Turkey",1085136292
2004,05,21,09:49:46,41.154,27.747,10.0,2.8,"4 km W of Çorlu, Turkey",1085132986
2004,05,21,08:56:16,40.242,28.78,3.0,2.6,"17 km SSW of Mudanya, Turkey",1085129776
2004,05,21,00:01:33,40.65,27.503,15.0,2.6,"8 km NNW of Marmara, Turkey",1085097693
2004,05,20,15:24:53,40.2,28.793,19.0,2.6,"20 km SSW of Mudanya, Turkey",1085066693
2004,05,20,14:36:16,41.188,28.891,20.0,2.7,"9 km NNE of Sultangazi, Turkey",1085063776
2004,05,20,09:24:03,40.804,29.453,6.0,2.3,"1 km E of Gebze, Turkey",1085045043
2004,05,20,07:17:46,40.652,27.61,2.0,2.4,"8 km NNE of Marmara, Turkey",1085037466
2004,05,20,05:54:25,41.127,28.893,3.0,2.4,"3 km NE of Sultangazi, Turkey",1085032465
2004,05,20,04:28:49,40.782,27.547,6.0,2.6,"13 km SSE of Kumba?, Turkey",1085027329
2004,05,16,03:30:48,40.696,29.322,11.0,4.4,"3 km N of Çiftlikköy, Turkey",1084678248
2004,04,19,15:27:16,40.608,27.703,16.0,4.1,"12 km E of Marmara, Turkey",1082388436
2004,03,20,19:50:02,40.51,26.47,16.0,3.6,Western Turkey,1079812202
2004,02,26,08:06:29,40.289,27.499,9.0,3.0,"22 km ENE of Biga, Turkey",1077782789
2004,02,25,03:29:17,40.612,29.082,20.0,2.6,"4 km ESE of Kocadere, Turkey",1077679757
2004,02,25,03:22:11,40.636,29.052,6.0,2.6,"1 km ENE of Kocadere, Turkey",1077679331
2004,02,23,01:48:36,40.687,29.266,6.0,2.4,"3 km NNW of Yalova, Turkey",1077500916
2004,02,22,04:38:45,40.823,30.916,5.0,3.0,"14 km E of Hendek, Turkey",1077424725
2004,02,22,01:58:15,40.03,27.691,12.0,3.0,"8 km SSE of Gönen, Turkey",1077415095
2004,02,20,14:14:19,41.205,28.462,9.0,2.6,"6 km N of Çatalca, Turkey",1077286459
2004,02,20,12:04:03,40.812,29.488,13.0,2.5,"2 km WSW of Tav?anl?, Turkey",1077278643
2004,02,20,10:10:28,40.795,29.496,20.0,2.3,"2 km SSW of Tav?anl?, Turkey",1077271828
2004,02,19,14:44:26,41.026,28.84,10.0,2.5,Western Turkey,1077201866
2004,02,19,12:57:23,40.719,29.22,16.0,2.8,Western Turkey,1077195443
2004,02,19,10:53:12,40.609,29.135,5.0,2.6,"4 km SSE of Ç?narc?k, Turkey",1077187992
2004,02,18,13:29:10,40.838,29.539,19.0,2.6,"3 km NE of Tav?anl?, Turkey",1077110950
2004,02,18,03:30:21,40.634,29.094,7.0,2.8,"2 km WSW of Ç?narc?k, Turkey",1077075021
2004,02,17,23:46:46,40.609,27.469,7.0,2.7,"7 km WNW of Marmara, Turkey",1077061606
2004,02,17,10:45:50,40.694,29.052,9.0,2.6,"7 km NNE of Kocadere, Turkey",1077014750
2004,02,17,10:40:45,40.629,29.074,23.0,2.7,"3 km E of Kocadere, Turkey",1077014445
2004,02,17,05:08:53,40.687,29.114,4.0,2.7,"4 km N of Ç?narc?k, Turkey",1076994533
2004,02,15,03:40:08,40.655,27.443,10.0,2.8,"12 km NW of Marmara, Turkey",1076816408
2004,02,12,03:17:09,40.76,27.385,7.0,2.7,"14 km SSW of Kumba?, Turkey",1076555829
2004,02,11,04:25:30,40.245,27.816,8.0,2.5,"17 km S of Erdek, Turkey",1076473530
2004,02,10,15:02:14,40.507,27.736,9.0,2.5,"12 km NNW of Erdek, Turkey",1076425334
2004,02,10,02:48:47,40.742,29.191,5.0,2.6,Western Turkey,1076381327
2004,01,29,06:34:35,40.6,27.28,35.0,3.7,"23 km W of Marmara, Turkey",1075358075
2004,01,06,05:14:30,40.452,28.438,10.0,3.0,"27 km NNE of Karacabey, Turkey",1073366070
2004,01,05,13:13:15,41.018,29.609,15.0,2.4,"17 km S of ?ile, Turkey",1073308395
2004,01,04,08:31:54,40.162,28.791,1.0,2.7,"21 km NNW of Kar?ncal?, Turkey",1073205114
2004,01,03,23:36:40,40.639,27.818,9.0,2.7,"22 km ENE of Marmara, Turkey",1073173000
2004,01,03,19:55:37,40.258,27.747,19.0,2.8,"16 km SSW of Erdek, Turkey",1073159737
2004,01,03,14:10:32,41.166,28.885,14.0,2.7,Western Turkey,1073139032
2004,01,03,11:13:40,41.102,29.335,11.0,2.6,"14 km NE of Sancaktepe, Turkey",1073128420
2004,01,02,10:43:40,41.171,29.015,7.0,2.7,"6 km S of Ar?köy, Turkey",1073040220
2004,01,02,10:37:48,40.814,27.754,10.0,2.9,"24 km SW of Marmara Ere?lisi, Turkey",1073039868
2004,01,02,07:18:46,40.594,27.492,5.0,2.7,"5 km W of Marmara, Turkey",1073027926
2004,01,01,20:44:31,40.681,30.644,10.0,3.1,"1 km ESE of Akyaz?, Turkey",1072989871
2004,01,01,13:49:18,41.386,28.082,8.0,2.7,"13 km NNE of Çerkezköy, Turkey",1072964958
2004,01,01,13:26:59,41.089,29.36,11.0,2.7,"14 km NE of Sancaktepe, Turkey",1072963619
2004,01,01,11:04:47,41.083,29.356,11.0,2.7,"13 km NE of Sancaktepe, Turkey",1072955087
2004,01,01,09:49:59,41.17,28.872,11.0,2.6,"7 km N of Sultangazi, Turkey",1072950599
2004,01,01,06:00:08,40.712,29.255,12.0,2.6,"6 km NNW of Yalova, Turkey",1072936808
2003,07,25,07:21:27,40.487,30.894,10.0,4.3,"13 km NE of Göynük, Turkey",1059117687
2003,07,13,05:09:48,40.744,27.43,10.0,3.9,"15 km S of Kumba?, Turkey",1058072988
2003,07,07,18:23:01,40.63,27.19,10.0,3.3,"31 km W of Marmara, Turkey",1057602181
2003,07,07,17:46:35,40.55,26.9,10.0,3.5,"24 km NE of Gelibolu, Turkey",1057599995
2003,07,07,16:47:43,40.48,26.27,20.0,2.6,"31 km SSE of Enez, Turkey",1057596463
2003,07,07,16:44:00,40.6,26.81,45.0,3.4,"24 km NNE of Gelibolu, Turkey",1057596240
2003,07,06,19:20:48,40.44,26.26,42.0,3.2,"29 km NNW of Eceabat, Turkey",1057519248
2003,06,18,09:37:38,40.221,28.801,7.9,2.6,"18 km SSW of Mudanya, Turkey",1055929058
2003,06,09,17:47:05,40.247,27.941,15.5,4.1,"12 km SSW of Band?rma, Turkey",1055180825
2003,06,09,17:44:03,40.242,28.02,10.0,4.5,"12 km SSE of Band?rma, Turkey",1055180643
2003,06,03,13:02:23,40.526,27.137,10.0,3.8,"34 km NNW of Biga, Turkey",1054645343
2003,04,01,07:51:08,40.771,30.726,10.0,4.1,"3 km SSW of Hendek, Turkey",1049183468
2003,03,20,12:25:34,40.036,28.818,10.0,4.1,"8 km NNW of Kar?ncal?, Turkey",1048163134
2003,03,15,18:00:58,40.51,30.545,10.0,3.5,"13 km NNE of Tarakl?, Turkey",1047751258
2003,03,10,04:10:05,40.584,30.697,10.0,3.8,Western Turkey,1047269405
2003,03,09,19:01:28,40.418,30.885,10.0,4.0,"8 km ENE of Göynük, Turkey",1047236488
2003,03,08,11:18:07,40.441,30.299,33.0,3.8,"7 km S of Geyve, Turkey",1047122287
2003,03,07,14:59:37,40.617,27.692,10.0,2.6,"12 km ENE of Marmara, Turkey",1047049177
2002,11,03,18:17:08,41.03,28.04,45.0,3.6,"4 km ENE of Sultanköy, Turkey",1036347428
2002,10,09,14:40:26,40.49,27.07,45.0,3.5,"32 km NNW of Biga, Turkey",1034174426
2002,09,14,12:33:14,40.864,29.499,15.0,2.5,"5 km NNW of Tav?anl?, Turkey",1032006794
2002,09,13,13:31:35,40.283,29.201,8.0,2.6,"7 km N of Gürsu, Turkey",1031923895
2002,09,13,12:44:48,40.853,29.447,14.0,2.4,"2 km SE of Balç?k, Turkey",1031921088
2002,09,13,08:21:36,40.535,29.305,10.0,2.4,"4 km W of Yeniköy, Turkey",1031905296
2002,08,07,11:11:57,40.748,27.837,10.0,3.6,"26 km SSW of Marmara Ere?lisi, Turkey",1028718717
2002,07,07,07:14:33,40.682,27.337,10.0,3.4,"21 km WNW of Marmara, Turkey",1026026073
2002,07,06,01:37:09,40.699,27.394,33.0,3.9,"18 km NW of Marmara, Turkey",1025919429
2002,05,05,09:22:10,40.553,28.327,10.0,3.8,"37 km NE of Band?rma, Turkey",1020590530
2002,04,10,23:39:09,40.384,27.131,10.0,3.3,"19 km NNW of Biga, Turkey",1018481949
2002,03,23,02:36:10,40.859,27.85,10.0,4.1,"15 km SW of Marmara Ere?lisi, Turkey",1016850970
2002,02,28,08:37:51,40.819,28.123,9.7,3.9,Western Turkey,1014885471
2001,09,18,17:02:44,40.684,29.324,10.0,2.5,"2 km N of Çiftlikköy, Turkey",1000832564
2001,09,18,09:17:47,40.75,27.585,10.0,2.9,"18 km SE of Kumba?, Turkey",1000804667
2001,09,17,18:56:38,40.733,27.559,10.0,2.9,"16 km N of Marmara, Turkey",1000752998
2001,09,17,09:00:36,40.321,28.769,10.0,2.4,"11 km WSW of Mudanya, Turkey",1000717236
2001,08,14,01:02:40,40.835,27.781,5.0,2.7,"20 km SW of Marmara Ere?lisi, Turkey",997750960
2001,08,11,13:06:16,40.732,27.567,5.0,2.7,"16 km N of Marmara, Turkey",997535176
2001,08,10,10:05:59,40.324,27.591,13.0,2.4,"19 km WSW of Erdek, Turkey",997437959
2001,08,09,21:51:18,40.463,27.438,10.0,2.4,"16 km SW of Marmara, Turkey",997393878
2001,08,09,14:31:26,41.054,27.776,8.0,2.6,"11 km S of Çorlu, Turkey",997367486
2001,08,09,12:28:43,40.816,29.46,11.0,2.6,"2 km ENE of Gebze, Turkey",997360123
2001,08,08,13:18:21,40.047,28.63,9.0,2.8,"18 km E of Mustafakemalpa?a, Turkey",997276701
2001,08,08,03:01:27,40.795,30.809,15.0,3.6,"5 km E of Hendek, Turkey",997239687
2001,07,03,00:01:00,40.676,27.052,10.0,3.4,"26 km SSE of Malkara, Turkey",994118460
2001,06,07,19:53:58,40.102,29.24,9.0,2.9,"10 km SSE of Kestel, Turkey",991943638
2001,06,07,18:20:05,40.826,28.766,14.0,2.6,"19 km SSE of Yakuplu, Turkey",991938005
2001,06,07,17:53:04,40.866,28.725,5.0,2.8,"14 km SSE of Yakuplu, Turkey",991936384
2001,06,07,14:34:57,40.855,28.735,12.0,3.0,"15 km SSE of Yakuplu, Turkey",991924497
2001,06,07,14:32:43,40.863,28.716,5.0,3.0,"14 km SSE of Yakuplu, Turkey",991924363
2001,06,07,14:30:54,40.366,28.489,10.0,2.5,Western Turkey,991924254
2001,06,06,14:43:33,40.047,26.651,9.0,2.6,"23 km ESE of Çanakkale, Turkey",991838613
2001,06,06,14:25:54,40.488,27.538,10.0,2.7,"11 km S of Marmara, Turkey",991837554
2001,06,05,17:07:21,40.108,27.396,10.0,2.5,"18 km SE of Biga, Turkey",991760841
2001,06,05,15:30:42,40.89,30.387,10.0,2.5,"7 km WSW of Sö?ütlü, Turkey",991755042
2001,06,04,03:22:55,40.862,28.726,6.0,2.6,"14 km SSE of Yakuplu, Turkey",991624975
2001,06,03,18:38:07,40.765,29.185,6.0,2.3,"12 km SSE of Adalar, Turkey",991593487
2001,06,03,17:39:02,40.117,27.212,10.0,2.3,"12 km SSW of Biga, Turkey",991589942
2001,06,02,20:09:35,40.423,26.957,12.0,2.7,"24 km E of Gelibolu, Turkey",991512575
2001,06,01,23:34:53,40.473,27.15,6.0,3.1,"28 km NNW of Biga, Turkey",991438493
2001,06,01,11:49:15,40.809,30.627,5.0,2.5,"10 km W of Hendek, Turkey",991396155
2001,06,01,08:18:24,40.891,28.701,7.0,2.6,"11 km S of Yakuplu, Turkey",991383504
2001,06,01,07:05:45,40.85,28.74,5.0,3.1,"16 km SSE of Yakuplu, Turkey",991379145
2001,06,01,05:43:26,40.858,28.718,9.0,3.0,"14 km SSE of Yakuplu, Turkey",991374206
2001,05,08,11:32:22,40.648,29.152,7.0,3.1,"1 km SW of Koruköy, Turkey",989321542
2001,04,21,20:58:12,40.11,27.005,7.0,2.7,"9 km NNW of Çan, Turkey",987886692
2001,04,21,15:06:03,40.284,27.925,10.0,2.6,"8 km SSW of Band?rma, Turkey",987865563
2001,04,21,03:41:55,40.883,27.704,10.0,2.6,"19 km ESE of Tekirda?, Turkey",987824515
2001,04,21,00:08:28,40.602,27.361,15.0,2.3,"16 km W of Marmara, Turkey",987811708
2001,04,20,15:54:33,40.684,27.313,12.0,2.7,"23 km WNW of Marmara, Turkey",987782073
2001,04,19,21:02:33,40.797,30.64,5.0,2.5,"9 km W of Hendek, Turkey",987714153
2001,04,19,10:22:40,40.409,29.201,10.0,2.7,"1 km ESE of Umurbey, Turkey",987675760
2001,04,18,20:14:03,40.746,27.602,5.0,3.0,"18 km NNE of Marmara, Turkey",987624843
2001,04,18,19:43:19,40.793,30.75,11.0,2.5,"0 km SSE of Hendek, Turkey",987622999
2001,04,17,20:32:31,40.799,30.379,5.0,2.5,"2 km NW of Adapazar?, Turkey",987539551
2001,04,17,15:27:59,40.318,28.781,8.0,2.7,"10 km SW of Mudanya, Turkey",987521279
2001,04,17,14:47:25,40.3,28.148,14.0,2.5,"15 km ESE of Band?rma, Turkey",987518845
2001,04,17,11:41:58,40.823,29.458,8.0,2.6,"3 km NE of Gebze, Turkey",987507718
2001,04,17,07:04:03,40.168,27.728,7.0,2.6,"9 km NE of Gönen, Turkey",987491043
2001,04,16,14:30:26,40.865,30.357,5.0,2.7,"10 km NNW of Adapazar?, Turkey",987431426
2001,04,16,03:03:18,40.465,28.934,10.0,2.8,"10 km NNE of Mudanya, Turkey",987390198
2001,03,14,20:34:19,40.802,27.685,10.0,3.9,"21 km ESE of Kumba?, Turkey",984602059
2001,03,09,03:07:06,40.813,30.403,5.7,3.1,"3 km N of Adapazar?, Turkey",984107226
2001,02,28,19:47:57,40.679,28.968,7.0,2.5,"7 km NW of Kocadere, Turkey",983389677
2001,02,28,17:59:58,40.771,29.211,5.0,2.6,"11 km SW of ?çmeler, Turkey",983383198
2001,02,28,12:37:39,40.195,29.552,5.0,2.4,"6 km NNE of Hamzabey, Turkey",983363859
2001,02,27,14:59:38,40.947,30.408,10.0,2.8,"6 km W of Ferizli, Turkey",983285978
2001,02,26,10:18:43,40.648,29.039,12.0,2.6,"2 km NNE of Kocadere, Turkey",983182723
2001,02,26,06:57:23,40.731,30.266,15.0,3.3,"4 km N of Sapanca, Turkey",983170643
2001,02,25,19:27:42,40.136,27.228,5.0,2.7,"10 km S of Biga, Turkey",983129262
2001,02,24,18:36:37,40.629,27.767,5.0,2.6,"18 km ENE of Marmara, Turkey",983039797
2001,02,24,09:00:47,40.565,27.682,10.0,2.5,"10 km ESE of Marmara, Turkey",983005247
2001,02,23,15:42:24,40.281,27.775,10.0,3.0,Western Turkey,982942944
2001,02,22,21:25:40,40.576,28.948,14.0,2.7,"9 km SW of Kocadere, Turkey",982877140
2001,02,22,17:50:18,40.681,29.163,7.0,2.7,"2 km N of Koruköy, Turkey",982864218
2001,02,22,14:26:42,40.479,27.305,10.0,2.8,"24 km WSW of Marmara, Turkey",982852002
2001,02,22,12:54:21,40.4,27.206,10.0,2.8,"19 km N of Biga, Turkey",982846461
2001,02,22,12:03:41,40.46,27.3,5.0,2.6,"25 km WSW of Marmara, Turkey",982843421
2001,02,22,11:52:26,40.432,27.218,7.0,3.2,"22 km N of Biga, Turkey",982842746
2001,02,21,08:35:56,40.578,28.968,9.0,2.7,"7 km SW of Kocadere, Turkey",982744556
2001,02,21,08:19:42,40.566,28.975,10.0,2.8,"8 km SSW of Kocadere, Turkey",982743582
2001,02,21,03:37:04,40.79,29.211,13.0,2.6,"10 km SW of ?çmeler, Turkey",982726624
2001,02,20,05:51:49,40.768,30.191,11.0,2.7,"10 km NW of Sapanca, Turkey",982648309
2001,02,01,09:58:50,40.1,27.75,25.0,4.0,"8 km E of Gönen, Turkey",981021530
2001,01,16,03:33:02,40.916,29.097,10.0,3.8,"3 km ENE of K?nal?, Turkey",979615982
2001,01,14,10:49:10,40.722,27.561,10.0,3.0,"15 km N of Marmara, Turkey",979469350
2001,01,13,16:40:45,40.726,27.737,6.0,2.9,"21 km NE of Marmara, Turkey",979404045
2001,01,13,15:23:53,40.764,27.664,7.0,2.7,Western Turkey,979399433
2001,01,13,08:11:24,40.085,26.977,5.0,2.7,"8 km NW of Çan, Turkey",979373484
2001,01,12,17:14:18,40.077,27.028,5.0,2.9,"5 km NNW of Çan, Turkey",979319658
2001,01,12,05:39:57,40.742,29.058,14.0,2.7,"12 km NNW of Ç?narc?k, Turkey",979277997
2001,01,10,01:45:43,40.916,30.855,9.0,2.8,"15 km S of Kocaali, Turkey",979091143
2001,01,09,00:43:12,40.598,27.734,14.0,2.8,"15 km E of Marmara, Turkey",979000992
2001,01,08,16:53:32,40.757,29.363,11.0,2.8,"7 km SW of Gebze, Turkey",978972812
2001,01,08,13:10:41,40.523,29.252,5.0,2.5,"6 km NW of Orhangazi, Turkey",978959441
2001,01,03,00:04:27,40.7,30.561,9.1,3.3,"5 km WNW of Akyaz?, Turkey",978480267
2000,12,09,15:37:09,40.286,27.453,10.0,3.7,"19 km ENE of Biga, Turkey",976376229
2000,12,04,12:27:16,40.793,28.028,16.4,3.2,"20 km SSE of Marmara Ere?lisi, Turkey",975932836
2000,12,01,18:44:26,40.855,30.873,10.8,3.4,"12 km ENE of Hendek, Turkey",975696266
2000,11,30,13:46:09,40.695,27.549,1.2,3.4,"12 km N of Marmara, Turkey",975591969
2000,11,26,09:01:14,40.63,29.126,10.4,3.2,"1 km S of Ç?narc?k, Turkey",975229274
2000,11,23,18:26:09,40.727,30.417,11.9,3.9,"6 km S of Adapazar?, Turkey",975003969
2000,11,23,06:12:15,40.706,29.428,11.0,3.0,"4 km NE of Ta?köprü, Turkey",974959935
2000,11,13,03:12:37,40.758,30.805,10.0,3.9,"6 km SE of Hendek, Turkey",974085157
2000,11,11,23:29:24,40.658,29.127,13.2,3.2,"1 km N of Ç?narc?k, Turkey",973985364
2000,11,11,22:55:51,40.707,27.626,12.0,3.2,"14 km NNE of Marmara, Turkey",973983351
2000,10,18,16:30:49,40.8,29.236,10.0,2.6,"8 km SW of ?çmeler, Turkey",971886649
2000,10,16,09:14:41,40.789,30.908,11.0,2.7,"13 km E of Hendek, Turkey",971687681
2000,10,16,00:57:36,40.694,27.324,7.0,2.8,"22 km WNW of Marmara, Turkey",971657856
2000,09,30,13:01:35,40.748,29.089,5.0,2.7,"11 km NNW of Ç?narc?k, Turkey",970318895
2000,09,30,12:14:47,40.883,29.3,12.0,2.7,"4 km N of ?çmeler, Turkey",970316087
2000,09,21,14:13:42,40.55,29.012,10.0,2.9,"9 km S of Kocadere, Turkey",969545622
2000,09,20,19:19:38,40.876,29.285,12.0,2.9,"3 km NNW of ?çmeler, Turkey",969477578
2000,09,19,13:21:30,40.882,30.875,8.0,2.6,"14 km NE of Hendek, Turkey",969369690
2000,09,19,13:05:16,40.036,28.761,8.0,2.7,"11 km NW of Kar?ncal?, Turkey",969368716
2000,09,19,09:22:45,40.739,29.224,10.0,3.6,"10 km NNW of Yalova, Turkey",969355365
2000,09,19,06:33:38,40.68,30.57,10.0,3.1,"4 km W of Akyaz?, Turkey",969345218
2000,09,19,03:58:50,40.707,30.486,10.0,3.5,"8 km NNW of Karapürçek, Turkey",969335930
2000,09,18,14:13:16,40.786,29.247,10.0,2.9,"8 km SW of ?çmeler, Turkey",969286396
2000,09,18,09:57:15,40.761,29.155,10.0,2.5,"11 km N of Koruköy, Turkey",969271035
2000,09,18,09:56:30,40.951,29.363,8.0,2.7,"7 km E of Sultanbeyli, Turkey",969270990
2000,09,17,14:34:45,40.485,29.165,10.0,2.7,"6 km ENE of Küçükkumla, Turkey",969201285
2000,09,17,08:22:20,40.798,30.833,12.0,3.2,"7 km E of Hendek, Turkey",969178940
2000,09,16,23:45:51,40.75,29.956,9.0,2.6,"2 km SE of ?zmit, Turkey",969147951
2000,09,06,14:22:59,40.648,29.193,7.8,3.6,"2 km ESE of Koruköy, Turkey",968250179
2000,08,23,13:41:28,40.68,30.72,15.3,5.3,"8 km E of Akyaz?, Turkey",967038088
2000,07,07,00:15:30,40.837,29.218,8.8,4.2,"7 km W of ?çmeler, Turkey",962928930
2000,05,22,01:33:37,40.822,30.311,1.4,3.0,Western Turkey,958959217
2000,04,15,11:03:32,40.592,27.942,10.0,4.0,"24 km NNE of Erdek, Turkey",955796612
2000,04,14,10:02:26,40.024,28.75,20.3,2.8,"10 km WNW of Kar?ncal?, Turkey",955706546
2000,04,07,23:48:13,40.692,29.214,5.0,2.6,"6 km NE of Koruköy, Turkey",955151293
2000,04,07,22:40:28,40.687,29.184,5.0,2.9,"4 km NNE of Koruköy, Turkey",955147228
2000,04,07,20:17:32,40.433,28.861,8.0,2.6,"6 km NNW of Mudanya, Turkey",955138652
2000,04,07,18:25:50,40.554,29.937,5.0,2.6,"12 km S of Bahçecik, Turkey",955131950
2000,04,07,08:21:35,40.908,27.772,5.0,2.7,"16 km WSW of Marmara Ere?lisi, Turkey",955095695
2000,04,06,16:49:57,40.746,30.232,9.0,3.2,"6 km NNW of Sapanca, Turkey",955039797
2000,04,05,00:41:34,40.799,30.909,10.0,2.6,"13 km E of Hendek, Turkey",954895294
2000,04,04,14:22:21,40.327,29.277,10.0,2.6,"12 km SE of Umurbey, Turkey",954858141
2000,04,03,15:06:11,40.46,28.463,10.0,2.7,"28 km NNE of Karacabey, Turkey",954774371
2000,04,03,10:17:18,40.727,29.654,10.0,3.2,"4 km WNW of Ula?l?, Turkey",954757038
2000,04,03,08:43:31,40.242,29.204,10.0,2.6,"2 km NNE of Gürsu, Turkey",954751411
2000,04,03,08:36:41,40.593,28.986,5.0,2.6,"5 km SW of Kocadere, Turkey",954751001
2000,04,02,23:37:19,40.81,30.226,5.0,3.4,"13 km NNW of Sapanca, Turkey",954718639
2000,04,02,18:57:38,40.803,30.244,7.0,4.6,"12 km N of Sapanca, Turkey",954701858
2000,04,02,04:19:23,40.085,28.22,5.0,2.6,"13 km WNW of Tatkavakl?, Turkey",954649163
2000,03,30,09:09:44,40.181,29.348,23.4,2.6,"11 km E of Kestel, Turkey",954407384
2000,03,30,07:08:26,40.6,28.999,8.4,2.7,"4 km SW of Kocadere, Turkey",954400106
2000,03,20,10:44:42,40.73,30.032,12.1,2.5,"2 km ESE of Köseköy, Turkey",953549082
2000,03,09,15:09:49,40.194,29.316,24.0,2.6,"8 km E of Kestel, Turkey",952614589
2000,03,06,15:08:55,40.919,29.289,0.1,3.0,"4 km SSE of Sultanbeyli, Turkey",952355335
2000,03,06,10:27:36,40.822,30.034,9.5,3.1,"9 km NNE of Köseköy, Turkey",952338456
2000,02,26,03:03:40,40.785,30.832,10.0,3.8,"7 km ESE of Hendek, Turkey",951534220
2000,02,24,07:20:54,40.452,30.203,8.9,3.0,"6 km SSE of Pamukova, Turkey",951376854
2000,02,09,16:41:32,40.717,29.924,10.0,3.7,"2 km NNW of Kar??yaka, Turkey",950114492
2000,02,02,17:37:20,40.371,28.845,28.4,2.6,"3 km W of Mudanya, Turkey",949513040
2000,01,31,14:38:51,40.713,29.345,10.0,4.1,"5 km NW of Ta?köprü, Turkey",949329531
2000,01,31,01:25:38,40.37,26.26,30.0,3.1,"22 km NNW of Eceabat, Turkey",949281938
2000,01,23,07:24:16,40.746,30.606,10.0,3.4,"6 km NNW of Akyaz?, Turkey",948612256
2000,01,10,02:48:15,40.393,27.799,5.0,3.7,"0 km SSE of Erdek, Turkey",947472495
2000,01,08,11:49:00,40.457,29.137,0.1,3.0,"3 km ESE of Küçükkumla, Turkey",947332140
2000,01,04,16:26:04,40.774,30.728,15.5,3.9,"3 km SSW of Hendek, Turkey",947003164
1999,12,29,12:26:42,40.807,28.549,5.4,3.2,"20 km SSW of Beylikdüzü, Turkey",946470402
1999,12,20,12:03:49,40.713,30.541,1.1,2.9,"7 km WNW of Akyaz?, Turkey",945691429
1999,12,20,11:46:35,40.694,30.496,7.0,3.6,"6 km NNW of Karapürçek, Turkey",945690395
1999,12,20,07:43:48,40.626,29.096,11.0,2.5,"3 km SW of Ç?narc?k, Turkey",945675828
1999,12,20,03:27:19,40.785,30.873,10.0,4.3,"10 km E of Hendek, Turkey",945660439
1999,12,13,19:13:37,40.734,30.756,10.0,4.3,Western Turkey,945112417
1999,12,12,17:07:19,40.73,30.092,13.9,3.2,"7 km E of Köseköy, Turkey",945018439
1999,12,10,11:47:26,40.711,30.807,13.1,3.0,"11 km SSE of Hendek, Turkey",944826446
1999,12,03,08:20:35,40.7,27.597,10.0,3.9,"13 km NNE of Marmara, Turkey",944209235
1999,11,28,20:54:36,40.771,30.672,11.3,2.9,"7 km WSW of Hendek, Turkey",943822476
1999,11,28,16:22:16,40.799,30.694,5.0,3.3,"4 km W of Hendek, Turkey",943806136
1999,11,26,08:08:08,40.77,27.435,0.1,2.8,"12 km S of Kumba?, Turkey",943603688
1999,11,21,04:31:42,40.783,30.804,10.0,4.2,"5 km ESE of Hendek, Turkey",943158702
1999,11,19,14:01:14,40.797,30.734,10.0,4.1,"1 km WSW of Hendek, Turkey",943020074
1999,11,15,16:26:58,40.771,30.851,10.0,4.0,Western Turkey,942683218
1999,11,14,05:43:20,40.655,29.189,3.3,2.8,"2 km E of Koruköy, Turkey",942558200
1999,11,14,05:17:34,40.63,29.185,17.3,3.4,"3 km SE of Koruköy, Turkey",942556654
1999,11,14,03:24:31,40.663,29.184,2.9,2.7,"2 km ENE of Koruköy, Turkey",942549871
1999,11,13,21:52:54,40.363,28.945,9.5,3.2,"5 km ESE of Mudanya, Turkey",942529974
1999,11,13,21:33:17,40.638,29.174,5.4,3.3,"2 km SSE of Koruköy, Turkey",942528797
1999,11,13,15:16:35,40.708,29.153,5.5,3.3,"6 km N of Koruköy, Turkey",942506195
1999,11,12,22:49:29,40.684,30.871,10.0,4.1,"16 km SE of Hendek, Turkey",942446969
1999,11,12,09:15:14,40.852,28.688,5.4,2.9,"14 km SSE of Beylikdüzü, Turkey",942398114
1999,11,12,08:26:34,40.639,29.146,22.0,2.6,"1 km ESE of Ç?narc?k, Turkey",942395194
1999,11,11,14:55:24,40.784,30.448,10.0,4.1,"3 km E of Adapazar?, Turkey",942332124
1999,11,11,14:49:19,40.824,30.229,8.6,3.3,"15 km NNW of Sapanca, Turkey",942331759
1999,11,11,14:41:25,40.744,30.266,22.0,5.7,"5 km N of Sapanca, Turkey",942331285
1999,11,07,17:06:06,40.738,30.751,10.0,4.2,"6 km S of Hendek, Turkey",941994366
1999,11,07,16:54:41,40.693,30.725,10.0,5.0,"8 km E of Akyaz?, Turkey",941993681
1999,11,07,11:15:36,40.745,30.227,10.0,3.8,"6 km NNW of Sapanca, Turkey",941973336
1999,11,05,08:35:13,40.709,29.131,7.6,3.2,"6 km NNW of Koruköy, Turkey",941790913
1999,11,05,07:55:16,40.478,29.012,8.1,2.7,"7 km W of Küçükkumla, Turkey",941788516
1999,10,31,22:14:55,40.521,29.253,11.4,2.7,"5 km NW of Orhangazi, Turkey",941408095
1999,10,31,04:11:30,40.637,29.096,19.4,2.7,"2 km WSW of Ç?narc?k, Turkey",941343090
1999,10,31,00:00:07,40.762,27.535,3.5,2.8,"14 km SSE of Kumba?, Turkey",941328007
1999,10,30,23:11:28,40.677,30.719,15.6,2.6,"8 km E of Akyaz?, Turkey",941325088
1999,10,29,13:31:10,40.121,29.399,7.5,3.0,"4 km NNW of Yenice, Turkey",941203870
1999,10,29,10:03:41,40.487,29.332,14.8,2.9,"1 km E of Orhangazi, Turkey",941191421
1999,10,27,05:32:38,40.535,29.245,6.3,3.0,"7 km NW of Orhangazi, Turkey",941002358
1999,10,26,08:28:47,40.746,27.563,5.3,3.0,"17 km SSE of Kumba?, Turkey",940926527
1999,10,24,15:00:53,40.963,29.445,16.5,2.7,"10 km N of Balç?k, Turkey",940777253
1999,10,23,02:49:52,40.707,29.2,7.0,3.1,"6 km NNE of Koruköy, Turkey",940646992
1999,10,23,02:04:37,40.64,29.104,16.8,2.9,"1 km WSW of Ç?narc?k, Turkey",940644277
1999,10,22,22:02:36,40.429,29.203,17.7,2.5,"2 km NE of Umurbey, Turkey",940629756
1999,10,20,23:08:19,40.77,29.087,10.0,4.6,"11 km SSW of Adalar, Turkey",940460899
1999,10,19,23:20:18,40.501,27.124,11.4,3.5,"31 km NNW of Biga, Turkey",940375218
1999,10,19,19:27:10,40.7,29.176,9.1,2.9,"5 km NNE of Koruköy, Turkey",940361230
1999,10,19,14:19:47,40.726,30.681,5.3,2.8,"6 km NE of Akyaz?, Turkey",940342787
1999,10,17,10:39:46,40.81,30.191,9.8,3.3,"14 km NNW of Sapanca, Turkey",940156786
1999,10,14,14:20:33,40.735,30.404,0.3,3.6,"5 km S of Adapazar?, Turkey",939910833
1999,10,11,02:47:47,40.667,29.048,0.1,3.9,"4 km NNE of Kocadere, Turkey",939610067
1999,10,10,17:36:44,40.641,29.101,5.6,2.5,"2 km WSW of Ç?narc?k, Turkey",939577004
1999,10,10,16:54:02,40.823,27.577,6.4,2.8,"11 km ESE of Kumba?, Turkey",939574442
1999,10,10,14:46:55,40.579,28.963,5.1,2.7,"8 km SW of Kocadere, Turkey",939566815
1999,10,10,11:00:24,40.676,29.063,5.9,2.7,"5 km NNE of Kocadere, Turkey",939553224
1999,10,03,19:24:48,40.609,29.04,9.1,2.9,"2 km SSE of Kocadere, Turkey",938978688
1999,10,03,18:17:34,40.688,29.988,9.7,3.1,"1 km E of Yuvac?k, Turkey",938974654
1999,10,03,16:19:34,40.774,29.898,13.1,3.1,"2 km WNW of ?zmit, Turkey",938967574
1999,10,03,15:58:44,40.734,29.987,14.8,2.7,"1 km N of Kullar, Turkey",938966324
1999,10,03,00:35:01,40.784,29.798,5.5,2.7,"2 km NE of Körfez, Turkey",938910901
1999,10,02,23:02:04,40.77,30.682,9.4,2.8,"6 km WSW of Hendek, Turkey",938905324
1999,10,02,22:14:32,40.707,30.566,13.1,2.8,"5 km WNW of Akyaz?, Turkey",938902472
1999,09,29,00:13:05,40.739,29.346,10.0,5.2,"8 km NNW of Ta?köprü, Turkey",938563985
1999,09,27,04:41:17,40.753,29.972,5.3,2.9,"3 km WNW of Köseköy, Turkey",938407277
1999,09,26,23:44:12,40.749,29.733,5.5,3.3,"4 km NNW of Hal?dere, Turkey",938389452
1999,09,26,14:03:46,40.403,29.16,9.5,2.7,"2 km WSW of Umurbey, Turkey",938354626
1999,09,26,11:12:53,40.033,30.055,10.0,3.9,"8 km SSE of Küplü, Turkey",938344373
1999,09,25,07:04:24,40.626,30.55,5.0,3.2,"1 km SSE of Karapürçek, Turkey",938243064
1999,09,24,20:10:45,40.771,29.195,8.7,3.4,"11 km SSE of Adalar, Turkey",938203845
1999,09,24,13:44:49,40.804,30.297,10.0,3.8,"9 km WNW of Adapazar?, Turkey",938180689
1999,09,23,07:19:23,40.787,29.808,12.6,2.6,"3 km NE of Körfez, Turkey",938071163
1999,09,23,06:24:12,40.741,29.811,7.8,3.3,"1 km S of Derince, Turkey",938067852
1999,09,21,12:46:21,40.772,27.623,18.6,3.3,"18 km SE of Kumba?, Turkey",937917981
1999,09,21,04:34:33,40.651,27.671,9.2,2.8,Western Turkey,937888473
1999,09,20,22:16:40,40.715,27.59,5.9,3.2,"14 km NNE of Marmara, Turkey",937865800
1999,09,20,21:44:31,40.707,27.591,7.9,3.7,"13 km NNE of Marmara, Turkey",937863871
1999,09,20,21:27:59,40.644,27.589,10.0,4.8,"7 km NNE of Marmara, Turkey",937862879
1999,09,20,00:16:54,40.639,29.105,5.6,2.7,"1 km WSW of Ç?narc?k, Turkey",937786614
1999,09,20,00:07:43,40.676,30.503,5.3,3.4,"4 km NW of Karapürçek, Turkey",937786063
1999,09,19,20:30:54,40.649,30.502,3.8,3.2,"3 km WNW of Karapürçek, Turkey",937773054
1999,09,19,20:26:35,40.636,30.527,10.0,4.3,"1 km WSW of Karapürçek, Turkey",937772795
1999,09,19,18:19:53,40.68,29.175,2.6,3.1,"3 km NNE of Koruköy, Turkey",937765193
1999,09,19,17:59:53,40.895,30.35,12.6,2.8,"10 km W of Sö?ütlü, Turkey",937763993
1999,09,19,16:31:33,40.779,29.199,21.0,2.7,"11 km SSE of Adalar, Turkey",937758693
1999,09,19,15:42:05,40.72,30.023,16.7,3.0,"2 km SSE of Köseköy, Turkey",937755725
1999,09,19,02:26:48,40.622,29.11,8.3,2.7,"2 km SSW of Ç?narc?k, Turkey",937708008
1999,09,19,01:13:41,40.707,29.964,5.5,2.8,"2 km N of Yuvac?k, Turkey",937703621
1999,09,18,22:13:28,40.778,29.917,9.1,2.8,"1 km NW of ?zmit, Turkey",937692808
1999,09,18,21:14:40,40.603,29.05,21.8,2.9,"3 km SSE of Kocadere, Turkey",937689280
1999,09,18,19:15:29,40.659,29.14,12.0,2.6,"2 km NE of Ç?narc?k, Turkey",937682129
1999,09,18,17:52:21,40.781,30.303,12.7,2.9,"8 km W of Adapazar?, Turkey",937677141
1999,09,18,17:14:28,40.621,29.137,5.5,2.7,"2 km SSE of Ç?narc?k, Turkey",937674868
1999,09,18,00:48:24,40.607,29.297,10.0,4.5,"5 km SSE of Yalova, Turkey",937615704
1999,09,17,19:50:04,40.711,30.154,10.0,4.3,"9 km WNW of Sapanca, Turkey",937597804
1999,09,17,12:47:56,40.768,30.627,5.3,2.8,"9 km N of Akyaz?, Turkey",937572476
1999,09,16,17:58:45,40.484,30.213,7.0,3.5,"4 km SE of Pamukova, Turkey",937504725
1999,09,16,13:10:14,40.758,29.928,13.6,2.5,"0 km S of ?zmit, Turkey",937487414
1999,09,16,05:50:39,40.705,29.964,12.9,2.8,"1 km N of Yuvac?k, Turkey",937461039
1999,09,15,09:33:33,40.658,30.779,9.8,3.2,"13 km ESE of Akyaz?, Turkey",937388013
1999,09,15,09:02:11,40.631,30.285,6.6,2.9,"6 km SSE of Sapanca, Turkey",937386131
1999,09,14,13:35:44,40.669,29.046,13.2,3.0,"4 km NNE of Kocadere, Turkey",937316144
1999,09,14,10:06:50,40.625,29.109,6.4,2.7,"2 km SSW of Ç?narc?k, Turkey",937303610
1999,09,13,13:10:32,40.723,30.174,9.1,2.7,"8 km WNW of Sapanca, Turkey",937228232
1999,09,13,11:55:28,40.709,30.045,13.0,5.9,"4 km SE of Köseköy, Turkey",937223728
1999,09,13,09:17:47,40.727,29.194,5.6,2.6,"8 km NNE of Koruköy, Turkey",937214267
1999,09,10,05:50:39,40.705,29.964,12.9,2.8,"1 km N of Yuvac?k, Turkey",936942639
1999,09,09,20:21:43,40.438,30.325,10.0,3.8,"8 km SSE of Geyve, Turkey",936908503
1999,09,09,12:56:08,40.809,30.72,5.3,3.2,"2 km WNW of Hendek, Turkey",936881768
1999,09,09,05:41:22,40.748,30.074,9.6,3.1,"5 km E of Köseköy, Turkey",936855682
1999,09,09,01:32:08,40.718,29.144,13.1,5.0,"7 km NNW of Koruköy, Turkey",936840728
1999,09,06,07:16:08,40.742,29.694,10.4,2.9,"4 km N of Ula?l?, Turkey",936602168
1999,09,06,07:15:03,40.73,30.498,12.0,2.7,"9 km SE of Adapazar?, Turkey",936602103
1999,09,06,06:38:42,40.787,29.778,10.1,3.1,"2 km N of Körfez, Turkey",936599922
1999,09,06,06:33:22,40.542,29.985,10.0,4.0,"15 km SSE of Bahçecik, Turkey",936599602
1999,09,05,19:52:38,40.695,30.546,7.8,3.9,"5 km N of Karapürçek, Turkey",936561158
1999,09,04,10:30:46,40.741,30.032,17.3,4.0,"2 km E of Köseköy, Turkey",936441046
1999,09,02,14:25:19,40.563,30.532,10.0,4.0,"8 km S of Karapürçek, Turkey",936282319
1999,09,02,11:18:13,40.808,30.688,9.6,3.4,"5 km W of Hendek, Turkey",936271093
1999,09,01,03:23:27,40.566,29.164,10.0,3.9,"7 km SW of Kad?köy, Turkey",936156207
1999,08,31,22:28:34,40.555,29.13,10.0,4.2,"9 km NNE of Küçükkumla, Turkey",936138514
1999,08,31,11:06:42,40.729,29.334,4.7,3.0,"7 km N of Çiftlikköy, Turkey",936097602
1999,08,31,08:33:23,40.708,29.954,10.0,4.5,"1 km NNE of Kar??yaka, Turkey",936088403
1999,08,31,08:10:49,40.711,29.949,10.0,5.2,"2 km NNE of Kar??yaka, Turkey",936087049
1999,08,30,15:24:37,40.75,29.266,8.5,3.5,"10 km N of Yalova, Turkey",936026677
1999,08,30,09:00:28,40.532,29.148,1.2,3.0,"7 km NNE of Küçükkumla, Turkey",936003628
1999,08,30,07:18:06,40.64,29.114,8.3,3.2,"1 km SW of Ç?narc?k, Turkey",935997486
1999,08,28,08:27:47,40.818,29.871,10.0,3.5,"7 km NW of ?zmit, Turkey",935828867
1999,08,26,17:49:38,40.744,30.016,10.0,4.8,"0 km ENE of Köseköy, Turkey",935689778
1999,08,24,18:58:57,40.659,30.16,10.0,4.2,"9 km WSW of Sapanca, Turkey",935521137
1999,08,23,21:54:51,40.615,29.162,10.0,4.1,"4 km S of Koruköy, Turkey",935445291
1999,08,23,20:35:24,40.73,30.823,10.0,3.8,Western Turkey,935440524
1999,08,22,14:30:58,40.638,30.773,10.0,4.5,"13 km ESE of Akyaz?, Turkey",935332258
1999,08,22,01:47:27,40.564,29.179,10.0,3.9,"7 km SSW of Kad?köy, Turkey",935286447
1999,08,21,10:01:27,40.658,29.293,10.0,3.8,"1 km ENE of Yalova, Turkey",935229687
1999,08,21,00:40:25,41.125,29.522,10.0,3.3,"9 km SW of ?ile, Turkey",935196025
1999,08,20,20:12:42,40.599,29.159,10.0,3.9,"5 km SSE of Ç?narc?k, Turkey",935179962
1999,08,20,15:59:01,40.753,30.819,10.0,4.2,"7 km SE of Hendek, Turkey",935164741
1999,08,20,10:00:16,40.573,30.677,10.0,4.3,"13 km SSE of Akyaz?, Turkey",935143216
1999,08,20,09:48:36,40.694,29.708,10.0,4.0,"1 km SE of Ula?l?, Turkey",935142516
1999,08,20,09:28:54,40.58,29.274,10.0,4.5,"6 km SE of Kad?köy, Turkey",935141334
1999,08,20,00:03:01,40.72,29.994,10.0,4.1,"0 km SE of Kullar, Turkey",935107381
1999,08,19,15:26:22,40.652,29.152,10.0,3.8,"0 km WSW of Koruköy, Turkey",935076382
1999,08,19,15:17:45,40.618,29.138,10.0,5.2,"3 km SSE of Ç?narc?k, Turkey",935075865
1999,08,19,14:47:55,40.493,29.019,10.0,3.9,"7 km WNW of Küçükkumla, Turkey",935074075
1999,08,19,14:15:58,40.608,29.2,10.0,4.5,"2 km WSW of Kad?köy, Turkey",935072158
1999,08,19,13:04:12,40.619,30.769,10.0,4.7,"14 km ESE of Akyaz?, Turkey",935067852
1999,08,18,15:34:15,40.862,30.675,10.0,4.0,"9 km NW of Hendek, Turkey",934990455
1999,08,18,11:30:44,40.673,30.705,10.0,3.9,"7 km E of Akyaz?, Turkey",934975844
1999,08,18,05:59:44,40.631,30.765,10.0,3.8,"13 km ESE of Akyaz?, Turkey",934955984
1999,08,18,01:04:24,40.649,30.915,10.0,4.1,"21 km SE of Hendek, Turkey",934938264
1999,08,17,22:12:47,40.759,30.588,6.1,4.2,"8 km NNW of Akyaz?, Turkey",934927967
1999,08,17,21:47:38,40.763,30.079,10.0,4.1,"6 km ENE of Köseköy, Turkey",934926458
1999,08,17,21:14:11,40.678,30.647,10.0,3.9,"2 km ESE of Akyaz?, Turkey",934924451
1999,08,17,20:30:40,40.721,29.287,19.4,3.8,"7 km N of Yalova, Turkey",934921840
1999,08,17,18:35:24,40.597,29.086,10.0,4.0,"5 km SE of Kocadere, Turkey",934914924
1999,08,17,17:09:13,40.687,30.425,10.0,3.8,"10 km S of Adapazar?, Turkey",934909753
1999,08,17,15:17:46,40.151,29.012,10.0,3.8,"6 km NNW of Kirazl?, Turkey",934903066
1999,08,17,14:35:08,40.98,30.345,10.0,3.7,"6 km SSE of Kaynarca, Turkey",934900508
1999,08,17,13:10:23,40.642,29.965,10.0,3.9,"5 km S of Yuvac?k, Turkey",934895423
1999,08,17,11:58:08,40.631,30.668,10.0,4.4,"7 km SSE of Akyaz?, Turkey",934891088
1999,08,17,11:36:43,40.568,30.197,10.0,4.0,"7 km NNE of Pamukova, Turkey",934889803
1999,08,17,11:12:01,40.675,30.706,10.0,3.7,"7 km E of Akyaz?, Turkey",934888321
1999,08,17,10:46:41,40.711,29.942,10.0,4.5,"1 km N of Kar??yaka, Turkey",934886801
1999,08,17,09:31:56,40.902,30.261,10.0,4.1,"14 km SSW of Kaynarca, Turkey",934882316
1999,08,17,08:32:35,40.877,30.602,10.0,3.9,"11 km ESE of Sö?ütlü, Turkey",934878755
1999,08,17,08:11:19,40.655,30.741,10.0,4.1,"10 km ESE of Akyaz?, Turkey",934877479
1999,08,17,08:09:19,40.676,30.84,10.0,4.3,"15 km SSE of Hendek, Turkey",934877359
1999,08,17,07:21:02,40.741,30.753,10.0,4.2,"6 km S of Hendek, Turkey",934874462
1999,08,17,06:35:19,40.674,30.651,10.0,4.6,"2 km ESE of Akyaz?, Turkey",934871719
1999,08,17,06:35:01,40.644,30.617,10.0,4.0,"4 km S of Akyaz?, Turkey",934871701
1999,08,17,06:01:32,40.736,29.964,10.0,4.0,"2 km WNW of Kullar, Turkey",934869692
1999,08,17,05:58:30,40.682,30.597,10.0,3.6,"2 km W of Akyaz?, Turkey",934869510
1999,08,17,05:54:47,40.957,28.482,10.0,3.9,"7 km S of Kumburgaz, Turkey",934869287
1999,08,17,05:45:22,40.739,30.203,10.0,4.1,"7 km NW of Sapanca, Turkey",934868722
1999,08,17,05:10:08,40.845,30.347,10.0,4.6,"8 km NNW of Adapazar?, Turkey",934866608
1999,08,17,04:44:15,40.882,30.833,10.0,4.2,"11 km NE of Hendek, Turkey",934865055
1999,08,17,04:39:58,40.739,30.408,10.0,4.1,"4 km S of Adapazar?, Turkey",934864798
1999,08,17,04:20:16,40.585,30.466,10.0,4.5,"8 km SW of Karapürçek, Turkey",934863616
1999,08,17,04:14:22,40.694,29.194,10.0,4.2,"5 km NNE of Koruköy, Turkey",934863262
1999,08,17,03:47:50,40.649,30.85,10.0,3.9,"18 km SSE of Hendek, Turkey",934861670
1999,08,17,03:43:05,40.727,30.389,10.0,4.1,"6 km SSW of Adapazar?, Turkey",934861385
1999,08,17,03:23:14,40.755,30.3,10.0,4.2,"7 km NNE of Sapanca, Turkey",934860194
1999,08,17,03:14:00,40.616,30.688,10.0,5.1,"9 km SE of Akyaz?, Turkey",934859640
1999,08,17,02:50:45,40.715,30.113,10.0,4.9,"9 km ESE of Köseköy, Turkey",934858245
1999,08,17,02:42:55,40.561,30.648,10.0,4.8,"12 km SE of Karapürçek, Turkey",934857775
1999,08,17,02:34:53,40.643,30.708,10.0,4.5,"8 km ESE of Akyaz?, Turkey",934857293
1999,08,17,02:23:13,40.709,29.11,10.0,4.2,"7 km N of Ç?narc?k, Turkey",934856593
1999,08,17,02:16:25,40.945,30.241,10.0,3.9,"11 km SSW of Kaynarca, Turkey",934856185
1999,08,17,01:58:09,41.167,30.865,10.0,3.9,"12 km NNE of Karasu Mahallesi, Turkey",934855089
1999,08,17,01:48:49,40.257,29.294,10.0,3.4,"9 km ENE of Gürsu, Turkey",934854529
1999,08,17,01:47:05,40.96,28.985,10.0,4.0,"6 km S of Eminönü, Turkey",934854425
1999,08,17,01:36:34,40.594,30.717,10.0,4.0,"12 km SE of Akyaz?, Turkey",934853794
1999,08,17,01:33:07,40.648,29.117,10.0,4.6,"0 km WNW of Ç?narc?k, Turkey",934853587
1999,08,17,01:31:57,40.7,29.061,10.0,4.2,"8 km NW of Ç?narc?k, Turkey",934853517
1999,08,17,01:07:52,40.7,30.018,10.0,4.6,"3 km SE of Kullar, Turkey",934852072
1999,08,17,00:57:42,40.711,29.801,10.0,4.1,"1 km WSW of Gölcük, Turkey",934851462
1999,08,17,00:47:00,40.696,30.547,10.0,4.0,"6 km N of Karapürçek, Turkey",934850820
1999,08,17,00:44:21,40.654,30.646,10.0,4.4,"3 km SSE of Akyaz?, Turkey",934850661
1999,08,17,00:34:48,40.722,29.947,10.0,4.1,Western Turkey,934850088
1999,08,17,00:21:05,40.653,30.435,10.0,4.6,"8 km W of Karapürçek, Turkey",934849265
1999,08,17,00:16:26,40.741,29.97,10.0,5.0,"2 km NW of Kullar, Turkey",934848986
1999,08,17,00:15:17,40.648,30.751,10.0,4.9,"11 km ESE of Akyaz?, Turkey",934848917
1999,08,17,00:01:39,40.748,29.864,17.0,7.6,"4 km ESE of Derince, Turkey",934848099
1999,08,14,23:50:16,40.689,29.163,5.6,2.7,"3 km N of Koruköy, Turkey",934674616
1999,08,09,16:17:27,41.175,28.934,13.6,2.5,"8 km SW of Ar?köy, Turkey",934215447
1999,08,06,12:10:29,40.515,29.253,7.0,2.6,"5 km WNW of Orhangazi, Turkey",933941429
1999,08,05,07:46:39,40.149,29.111,1.2,2.6,"6 km SE of Bursa, Turkey",933839199
1999,07,14,20:12:38,40.429,29.135,14.0,2.6,"2 km W of Gemlik, Turkey",931983158
1999,07,14,04:17:44,40.739,29.839,10.0,2.7,"2 km SE of Derince, Turkey",931925864
1999,07,12,07:21:14,40.604,29.23,5.0,2.9,"1 km SSE of Kad?köy, Turkey",931764074
1999,07,11,20:16:06,40.701,29.745,10.0,2.8,"1 km SSW of Hal?dere, Turkey",931724166
1999,07,10,11:27:17,40.678,29.994,8.0,3.1,"2 km ESE of Yuvac?k, Turkey",931606037
1999,07,08,16:21:16,40.729,28.082,13.0,2.6,"28 km SSE of Marmara Ere?lisi, Turkey",931450876
1999,07,07,07:46:03,40.135,28.824,10.0,2.4,"18 km N of Kar?ncal?, Turkey",931333563
1999,07,06,20:57:21,40.66,27.493,8.0,2.6,"9 km NNW of Marmara, Turkey",931294641
1999,07,06,20:12:03,40.672,27.269,10.0,2.6,"26 km WNW of Marmara, Turkey",931291923
1999,07,06,00:27:04,40.709,29.782,5.0,2.7,"2 km ESE of Hal?dere, Turkey",931220824
1999,07,06,00:13:12,40.735,29.867,5.0,2.6,"4 km ENE of Gölcük, Turkey",931219992
1999,07,05,22:30:03,40.749,29.842,8.0,3.4,"2 km ESE of Derince, Turkey",931213803
1999,07,04,17:34:43,40.254,28.975,14.0,2.6,"9 km NW of Bursa, Turkey",931109683
1999,07,03,18:32:55,40.166,28.178,10.0,2.3,"16 km WSW of Karacabey, Turkey",931026775
1999,07,01,14:24:28,40.701,29.991,8.7,2.9,"2 km NE of Yuvac?k, Turkey",930839068
1999,06,28,20:46:38,40.736,29.795,12.0,2.6,"2 km SW of Derince, Turkey",930602798
1999,06,28,13:53:34,40.688,29.842,7.0,3.3,"0 km ESE of ?hsaniye, Turkey",930578014
1999,06,27,22:44:29,40.867,28.761,21.7,2.9,"15 km SSE of Yakuplu, Turkey",930523469
1999,06,27,02:26:47,40.417,29.235,14.2,2.8,"4 km E of Umurbey, Turkey",930450407
1999,06,24,21:49:36,40.626,27.574,1.0,3.1,"4 km NNE of Marmara, Turkey",930260976
1999,06,24,10:26:48,40.57,27.659,10.0,2.8,"8 km ESE of Marmara, Turkey",930220008
1999,06,24,07:22:51,40.596,27.553,13.2,3.2,"1 km N of Marmara, Turkey",930208971
1999,06,24,07:21:49,40.625,27.502,9.0,3.2,"6 km NW of Marmara, Turkey",930208909
1999,06,23,15:42:43,40.907,29.311,14.0,2.7,"6 km N of ?çmeler, Turkey",930152563
1999,06,23,07:41:28,40.229,30.017,8.0,2.8,"1 km S of Vezirhan, Turkey",930123688
1999,06,22,22:55:12,40.721,29.862,5.0,3.0,"3 km E of Gölcük, Turkey",930092112
1999,06,22,10:58:22,40.649,29.579,10.0,2.6,"4 km NNE of Yalakdere, Turkey",930049102
1999,06,21,03:32:14,40.265,27.211,12.0,3.0,"4 km NNW of Biga, Turkey",929935934
1999,06,20,08:28:57,40.481,26.792,10.0,2.6,"12 km NE of Gelibolu, Turkey",929867337
1999,06,20,03:17:58,40.561,29.17,10.0,2.7,"8 km SW of Kad?köy, Turkey",929848678
1999,06,19,02:17:33,40.746,27.364,10.0,2.5,"17 km SSW of Kumba?, Turkey",929758653
1999,06,19,01:53:32,40.467,28.197,10.0,2.5,"22 km NE of Band?rma, Turkey",929757212
1999,06,18,15:02:43,40.308,29.195,11.0,2.6,"9 km ENE of Demirta?, Turkey",929718163
1999,06,17,07:09:11,40.556,27.489,6.0,2.7,"6 km WSW of Marmara, Turkey",929603351
1999,06,16,16:23:15,40.61,27.635,10.0,2.5,"7 km ENE of Marmara, Turkey",929550195
1999,06,16,16:16:40,40.273,27.363,10.0,3.0,"11 km ENE of Biga, Turkey",929549800
1999,06,16,03:55:04,40.695,29.188,5.0,2.9,"4 km NNE of Koruköy, Turkey",929505304
1999,06,15,15:09:08,40.753,29.265,5.0,2.5,"10 km N of Yalova, Turkey",929459348
1999,06,15,15:06:12,40.059,27.76,10.0,2.9,"10 km ESE of Gönen, Turkey",929459172
1999,06,14,17:39:05,40.708,29.278,9.0,2.7,"5 km N of Yalova, Turkey",929381945
1999,06,13,21:38:14,40.45,28.199,5.0,2.8,"21 km ENE of Band?rma, Turkey",929309894
1999,06,12,16:54:16,41.138,28.878,5.0,2.5,"3 km NNE of Sultangazi, Turkey",929206456
1999,06,12,15:33:57,40.239,29.561,10.0,2.4,"8 km WSW of Yeni?ehir, Turkey",929201637
1999,06,11,12:25:34,40.533,29.281,6.0,2.8,"5 km NNW of Orhangazi, Turkey",929103934
1999,06,11,11:27:41,41.106,28.845,10.0,2.6,"1 km W of Sultangazi, Turkey",929100461
1999,06,10,16:18:58,40.241,28.11,13.0,2.8,"16 km SE of Band?rma, Turkey",929031538
1999,06,10,15:41:00,41.422,28.181,6.0,2.6,"16 km W of Karacaköy, Turkey",929029260
1999,06,08,18:51:57,40.68,30.108,10.0,2.4,"10 km SE of Köseköy, Turkey",928867917
1999,06,08,16:04:42,40.817,29.375,10.0,2.6,"4 km WNW of Gebze, Turkey",928857882
1999,06,07,17:29:09,40.702,30.011,9.0,2.5,"3 km SE of Kullar, Turkey",928776549
1999,06,07,08:16:03,40.994,29.324,10.0,2.7,"5 km NE of Sultanbeyli, Turkey",928743363
1999,06,06,13:54:45,40.253,27.789,5.0,2.8,"16 km S of Erdek, Turkey",928677285
1999,06,05,15:19:08,40.757,29.923,9.0,3.0,"1 km SSW of ?zmit, Turkey",928595948
1999,06,05,05:19:54,40.815,30.18,8.0,3.0,"15 km NNW of Sapanca, Turkey",928559994
1999,06,05,04:27:07,40.56,27.739,10.0,2.8,"15 km E of Marmara, Turkey",928556827
1999,06,04,21:44:05,40.554,27.661,10.0,2.7,"9 km ESE of Marmara, Turkey",928532645
1999,06,04,13:28:47,41.175,28.833,10.0,2.7,"7 km E of Arnavutköy, Turkey",928502927
1999,06,03,09:51:03,40.394,28.835,10.0,2.6,"4 km WNW of Mudanya, Turkey",928403463
1999,06,03,03:58:57,40.709,30.015,5.0,2.5,"2 km SE of Kullar, Turkey",928382337
1999,06,03,03:46:42,40.683,29.952,10.0,3.0,"1 km WSW of Yuvac?k, Turkey",928381602
1999,06,02,14:03:13,40.68,29.995,10.0,2.6,"2 km ESE of Yuvac?k, Turkey",928332193
1999,06,02,13:57:09,40.712,30.004,14.0,2.9,"1 km SE of Kullar, Turkey",928331829
1999,06,01,11:06:25,40.871,27.95,10.0,3.1,"10 km S of Marmara Ere?lisi, Turkey",928235185
1999,05,31,10:35:09,41.147,29.367,7.0,2.6,"19 km NE of Sancaktepe, Turkey",928146909
1999,05,30,07:23:54,40.851,28.752,7.0,2.7,"16 km SSE of Yakuplu, Turkey",928049034
1999,05,30,06:01:42,40.332,29.339,10.0,2.6,"9 km SW of Sölöz, Turkey",928044102
1999,05,30,03:21:24,40.911,28.814,14.0,2.9,"10 km SSW of Bahçelievler, Turkey",928034484
1999,05,30,00:57:58,40.281,29.309,5.0,2.6,"11 km NE of Gürsu, Turkey",928025878
1999,05,30,00:32:29,40.826,28.762,5.0,2.5,"19 km SSE of Yakuplu, Turkey",928024349
1999,05,30,00:06:34,40.88,28.795,13.0,2.7,"14 km SSW of Bahçelievler, Turkey",928022794
1999,05,29,22:43:55,40.845,28.769,9.3,3.2,"17 km SSE of Yakuplu, Turkey",928017835
1999,05,29,22:21:11,40.842,28.8,10.0,2.8,"18 km SSW of Bahçelievler, Turkey",928016471
1999,05,29,06:15:52,40.771,28.083,10.0,2.5,"24 km SSE of Marmara Ere?lisi, Turkey",927958552
1999,05,29,01:10:46,40.784,27.979,8.0,2.7,"20 km S of Marmara Ere?lisi, Turkey",927940246
1999,05,28,18:01:12,40.274,29.321,5.0,2.6,"12 km ENE of Gürsu, Turkey",927914472
1999,05,28,16:12:48,40.814,27.767,5.0,2.7,"23 km SW of Marmara Ere?lisi, Turkey",927907968
1999,05,28,07:53:55,40.365,28.931,10.0,2.6,"4 km ESE of Mudanya, Turkey",927878035
1999,05,28,03:57:04,40.284,29.31,5.0,3.0,"12 km NE of Gürsu, Turkey",927863824
1999,05,27,23:34:14,40.331,29.33,7.0,2.6,"10 km SW of Sölöz, Turkey",927848054
1999,05,27,16:35:27,40.354,29.339,6.0,3.1,"7 km SW of Sölöz, Turkey",927822927
1999,05,27,16:31:11,40.3,29.316,10.0,3.2,"13 km SW of Sölöz, Turkey",927822671
1999,05,27,05:24:34,40.647,30.022,15.0,2.8,"6 km SE of Yuvac?k, Turkey",927782674
1999,05,25,19:28:25,40.132,28.959,7.0,2.8,"7 km WNW of Kirazl?, Turkey",927660505
1999,05,22,16:49:28,40.912,29.313,8.0,2.6,"6 km SSE of Sultanbeyli, Turkey",927391768
1999,05,22,13:53:24,40.087,28.023,10.0,2.9,"6 km NE of Manyas, Turkey",927381204
1999,05,22,10:25:03,40.651,30.6,10.0,3.1,"4 km SSW of Akyaz?, Turkey",927368703
1999,05,20,14:56:27,40.125,28.095,11.0,2.7,"13 km NE of Manyas, Turkey",927212187
1999,05,20,09:55:55,40.439,29.277,10.0,2.6,"6 km SSW of Orhangazi, Turkey",927194155
1999,05,20,05:42:02,40.751,29.798,13.0,3.0,"1 km WSW of Derince, Turkey",927178922
1999,05,19,11:33:05,40.144,29.433,14.0,2.7,"6 km N of Yenice, Turkey",927113585
1999,05,18,16:17:46,40.25,27.854,10.0,2.7,"15 km SW of Band?rma, Turkey",927044266
1999,05,17,10:32:49,40.706,30.07,10.0,2.7,"6 km SE of Köseköy, Turkey",926937169
1999,05,16,09:39:15,40.68,27.547,6.0,2.8,"10 km N of Marmara, Turkey",926847555
1999,05,15,20:45:03,40.47,29.065,10.0,3.3,"3 km W of Küçükkumla, Turkey",926801103
1999,05,14,14:56:38,41.274,28.828,5.0,2.6,"12 km NE of Arnavutköy, Turkey",926693798
1999,05,14,11:58:49,40.196,29.423,11.0,2.8,"11 km NW of Hamzabey, Turkey",926683129
1999,05,13,14:19:01,40.31,28.991,14.0,2.7,"10 km WNW of Demirta?, Turkey",926605141
1999,05,11,04:35:15,40.654,29.102,10.0,2.8,"2 km WNW of Ç?narc?k, Turkey",926397315
1999,05,10,14:31:07,40.59,30.789,5.0,2.7,"17 km SE of Akyaz?, Turkey",926346667
1999,05,09,19:04:43,40.421,29.207,9.0,2.7,"2 km ENE of Umurbey, Turkey",926276683
1999,05,05,16:01:58,40.44,27.907,10.0,2.8,"10 km ENE of Erdek, Turkey",925920118
1999,05,05,09:40:10,40.296,29.242,10.0,2.8,"9 km NNE of Gürsu, Turkey",925897210
1999,05,05,05:39:42,40.501,27.637,10.0,3.1,"11 km SE of Marmara, Turkey",925882782
1999,05,03,04:00:09,40.28,29.292,5.0,2.6,Western Turkey,925704009
1999,05,03,01:59:25,40.687,30.055,7.0,2.8,"6 km SE of Kullar, Turkey",925696765
1999,05,02,12:03:07,40.91,29.27,5.0,2.6,"5 km S of Sultanbeyli, Turkey",925646587
1999,05,01,20:53:56,40.659,29.964,9.0,2.7,"3 km S of Yuvac?k, Turkey",925592036
1999,04,12,17:14:49,40.134,28.889,10.0,2.8,"13 km WNW of Kirazl?, Turkey",923937289
1999,04,12,08:55:16,40.478,29.225,6.0,2.6,"7 km W of Orhangazi, Turkey",923907316
1999,04,09,15:34:49,41.098,28.059,10.0,2.7,"2 km NW of Çanta, Turkey",923672089
1999,04,09,09:45:30,40.417,29.219,10.0,2.8,"3 km E of Umurbey, Turkey",923651130
1999,04,08,10:12:55,40.192,27.341,9.0,3.6,"9 km ESE of Biga, Turkey",923566375
1999,04,08,07:22:59,40.504,27.843,14.0,2.6,"12 km NNE of Erdek, Turkey",923556179
1999,03,30,11:42:37,40.797,27.569,9.0,2.9,"13 km SE of Kumba?, Turkey",922794157
1999,03,29,03:37:50,40.652,29.079,10.0,2.5,"3 km W of Ç?narc?k, Turkey",922678670
1999,03,29,00:47:54,40.387,28.849,10.0,2.6,"3 km WNW of Mudanya, Turkey",922668474
1999,03,28,19:50:02,40.833,28.126,5.0,3.1,"20 km SE of Marmara Ere?lisi, Turkey",922650602
1999,03,28,19:31:25,40.452,28.869,10.0,2.6,"8 km N of Mudanya, Turkey",922649485
1999,03,28,19:29:58,40.473,28.846,10.0,2.6,"11 km NNW of Mudanya, Turkey",922649398
1999,03,28,12:40:42,40.561,29.084,10.0,2.5,"8 km SSE of Kocadere, Turkey",922624842
1999,03,27,17:50:11,40.348,26.225,10.0,3.0,"21 km NNW of Eceabat, Turkey",922557011
1999,03,27,12:45:32,40.858,27.829,10.0,2.8,"16 km SW of Marmara Ere?lisi, Turkey",922538732
1999,03,26,15:51:29,40.688,29.958,9.0,2.4,"0 km W of Yuvac?k, Turkey",922463489
1999,03,25,21:46:54,40.236,28.878,5.0,3.0,"15 km S of Mudanya, Turkey",922398414
1999,03,24,14:59:50,40.708,30.347,14.0,2.7,"6 km ENE of Sapanca, Turkey",922287590
1999,03,24,14:57:22,40.854,29.48,12.0,2.4,"4 km NW of Tav?anl?, Turkey",922287442
1999,03,23,18:05:47,40.785,27.469,6.0,3.0,"10 km S of Kumba?, Turkey",922212347
1999,03,23,10:09:35,40.888,30.405,10.0,2.6,"6 km WSW of Sö?ütlü, Turkey",922183775
1999,03,22,15:14:48,40.068,30.188,10.0,3.1,"16 km ESE of Küplü, Turkey",922115688
1999,03,22,14:05:11,40.982,29.494,10.0,2.5,"13 km NNE of Balç?k, Turkey",922111511
1999,03,18,19:09:10,40.022,29.427,12.0,2.8,"5 km SSW of Cerrah, Turkey",921784150
1999,03,17,01:52:01,40.96,27.922,5.0,2.6,"2 km WSW of Marmara Ere?lisi, Turkey",921635521
1999,03,16,12:02:05,41.109,28.5,10.0,2.7,"1 km NNE of Muratbey, Turkey",921585725
1999,03,16,10:31:54,41.091,28.952,10.0,2.6,"4 km NW of ?i?li, Turkey",921580314
1999,03,15,03:45:47,40.592,28.974,8.0,3.0,"6 km SW of Kocadere, Turkey",921469547
1999,03,13,10:58:04,40.612,27.894,9.0,2.9,"25 km NNE of Erdek, Turkey",921322684
1999,03,13,02:37:27,40.837,27.43,8.0,3.1,"5 km SSW of Kumba?, Turkey",921292647
1999,03,12,09:14:55,40.445,27.79,11.0,2.5,"5 km N of Erdek, Turkey",921230095
1999,03,12,03:02:30,40.7,29.919,10.0,2.5,"2 km WNW of Kar??yaka, Turkey",921207750
1999,03,12,00:57:58,40.705,29.941,5.0,3.0,"1 km N of Kar??yaka, Turkey",921200278
1999,03,12,00:21:35,40.667,29.896,5.0,2.5,"1 km W of Bahçecik, Turkey",921198095
1999,03,09,18:02:34,40.136,28.769,10.0,2.6,"19 km NNW of Kar?ncal?, Turkey",921002554
1999,03,07,12:47:51,41.029,29.4,10.0,2.6,"13 km NE of Sultanbeyli, Turkey",920810871
1999,03,06,02:16:14,40.291,26.25,13.0,2.5,"14 km NW of Eceabat, Turkey",920686574
1999,03,05,00:55:29,40.769,27.499,5.0,2.7,"13 km SSE of Kumba?, Turkey",920595329
1999,03,05,00:52:47,40.776,27.498,5.0,2.7,"12 km SSE of Kumba?, Turkey",920595167
1999,03,05,00:50:19,40.788,27.494,5.0,2.7,"10 km SSE of Kumba?, Turkey",920595019
1999,02,28,23:27:43,40.73,28.999,5.0,2.6,"11 km NNW of Kocadere, Turkey",920244463
1999,02,28,13:43:20,40.255,29.142,10.0,2.6,"4 km ESE of Demirta?, Turkey",920209400
1999,02,28,00:47:33,40.299,26.327,7.0,3.2,"13 km NNW of Eceabat, Turkey",920162853
1999,02,27,14:57:36,40.159,29.419,8.0,2.7,"7 km N of Yenice, Turkey",920127456
1999,02,26,14:19:25,40.451,29.218,10.0,2.7,"5 km NE of Umurbey, Turkey",920038765
1999,02,26,07:47:45,40.335,27.894,13.0,2.8,"7 km WSW of Band?rma, Turkey",920015265
1999,02,25,19:16:13,40.725,29.852,10.0,2.8,"3 km ENE of Gölcük, Turkey",919970173
1999,02,25,01:30:43,40.794,27.515,7.0,3.6,"10 km SSE of Kumba?, Turkey",919906243
1999,02,20,05:14:46,40.789,27.554,13.0,3.0,"13 km SE of Kumba?, Turkey",919487686
1999,02,20,02:43:06,40.122,28.134,5.0,2.9,"16 km ENE of Manyas, Turkey",919478586
1999,02,13,20:40:09,40.698,29.896,10.0,2.6,"3 km NNW of Bahçecik, Turkey",918938409
1999,02,09,08:14:45,40.914,29.288,10.0,2.6,"5 km SSE of Sultanbeyli, Turkey",918548085
1999,02,08,15:08:30,40.766,30.538,10.0,2.6,"11 km NW of Akyaz?, Turkey",918486510
1999,02,08,05:28:25,40.558,30.446,10.0,2.9,"12 km SW of Karapürçek, Turkey",918451705
1999,02,07,11:05:25,40.813,28.361,10.0,2.6,"25 km SSW of Kumburgaz, Turkey",918385525
1999,02,07,00:32:21,40.733,29.189,10.0,2.7,"9 km NNE of Koruköy, Turkey",918347541
1999,02,06,16:33:02,40.886,27.982,14.0,2.8,"9 km SSE of Marmara Ere?lisi, Turkey",918318782
1999,02,03,06:56:55,40.797,27.981,5.0,2.6,"19 km S of Marmara Ere?lisi, Turkey",918025015
1999,02,02,17:00:27,40.095,27.254,9.0,3.6,"14 km S of Biga, Turkey",917974827
1999,02,02,16:38:25,40.846,27.639,10.0,2.9,"15 km ESE of Kumba?, Turkey",917973505
1999,02,02,16:24:15,40.838,27.651,10.0,3.4,"16 km ESE of Kumba?, Turkey",917972655
1999,02,01,12:24:14,40.354,29.156,10.0,2.6,"7 km SSW of Umurbey, Turkey",917871854
1999,01,20,12:06:22,40.742,29.819,10.0,3.0,"1 km SSE of Derince, Turkey",916833982
1999,01,16,20:19:56,40.074,27.778,10.0,2.6,"11 km ESE of Gönen, Turkey",916517996
1999,01,15,09:52:58,40.202,29.403,10.0,2.9,"12 km N of Yenice, Turkey",916393978
1999,01,13,23:09:51,40.697,29.881,10.0,2.5,"3 km E of ?hsaniye, Turkey",916268991
1999,01,12,11:19:30,40.527,27.702,7.0,2.7,"14 km ESE of Marmara, Turkey",916139970
1999,01,08,03:01:40,40.252,29.042,5.0,2.9,"5 km WSW of Demirta?, Turkey",915764500
1999,01,07,02:14:56,40.52,28.216,5.0,2.7,"27 km NE of Band?rma, Turkey",915675296
1999,01,05,16:22:38,40.655,27.306,10.0,2.8,"22 km WNW of Marmara, Turkey",915553358
1999,01,05,09:42:24,40.851,27.886,7.0,2.9,"14 km SSW of Marmara Ere?lisi, Turkey",915529344
1999,01,04,05:26:36,40.744,29.847,5.0,2.8,"3 km ESE of Derince, Turkey",915427596
1999,01,03,06:44:06,40.524,28.079,10.0,2.6,"20 km NNE of Band?rma, Turkey",915345846
1999,01,03,04:17:47,40.532,28.221,9.0,2.6,"28 km NE of Band?rma, Turkey",915337067
1999,01,02,13:34:30,40.867,30.795,5.0,3.1,"8 km NNE of Hendek, Turkey",915284070
1999,01,02,00:24:17,40.712,29.944,12.0,2.7,"2 km N of Kar??yaka, Turkey",915236657
1999,01,01,21:40:54,40.168,28.974,10.0,2.8,"7 km WSW of Bursa, Turkey",915226854
1999,01,01,19:12:03,40.702,29.943,15.0,2.8,"0 km N of Kar??yaka, Turkey",915217923
1999,01,01,17:18:53,40.718,29.976,10.0,2.8,"1 km WSW of Kullar, Turkey",915211133
1999,01,01,16:30:26,40.671,29.778,10.0,2.7,"5 km WSW of ?hsaniye, Turkey",915208226
1999,01,01,16:21:33,40.712,29.965,11.0,3.4,"2 km WSW of Kullar, Turkey",915207693
1999,01,01,15:04:35,40.707,29.955,14.0,2.8,"1 km NE of Kar??yaka, Turkey",915203075
1999,01,01,11:36:09,40.547,28.23,11.0,2.6,"30 km NE of Band?rma, Turkey",915190569
1999,01,01,11:32:59,40.451,28.985,7.0,2.6,"10 km WSW of Küçükkumla, Turkey",915190379
1999,01,01,05:12:32,40.517,28.24,10.0,3.3,"28 km NE of Band?rma, Turkey",915167552
1999,01,01,02:09:07,40.258,27.902,9.0,2.8,"12 km SSW of Band?rma, Turkey",915156547
1998,12,07,13:19:58,40.719,29.906,7.0,2.8,"4 km NW of Kar??yaka, Turkey",913036798
1998,12,07,06:35:14,40.377,27.529,10.0,2.6,"22 km W of Erdek, Turkey",913012514
1998,11,19,18:01:32,40.233,28.904,5.0,2.6,"13 km WNW of Bursa, Turkey",911498492
1998,11,19,14:49:41,40.983,29.588,10.0,2.5,"18 km NE of Balç?k, Turkey",911486981
1998,11,14,12:24:46,40.735,29.826,10.0,2.6,"2 km NNE of Gölcük, Turkey",911046286
1998,11,14,06:27:03,40.552,27.662,14.0,3.0,"9 km ESE of Marmara, Turkey",911024823
1998,11,13,12:07:25,41.185,29.189,5.0,2.9,"16 km ESE of Ar?köy, Turkey",910958845
1998,11,13,01:31:38,40.726,29.878,5.0,2.7,"5 km ENE of Gölcük, Turkey",910920698
1998,11,12,13:19:12,40.435,29.17,5.0,2.5,"0 km ENE of Gemlik, Turkey",910876752
1998,11,12,00:28:50,40.742,29.856,10.0,2.5,"3 km ESE of Derince, Turkey",910830530
1998,11,11,12:36:58,40.697,29.99,10.0,3.1,"2 km ENE of Yuvac?k, Turkey",910787818
1998,11,11,12:24:04,40.718,29.907,10.0,2.5,"3 km NW of Kar??yaka, Turkey",910787044
1998,11,11,11:56:54,40.716,29.827,10.0,2.4,"0 km E of Gölcük, Turkey",910785414
1998,11,11,11:50:05,40.741,29.987,10.0,3.0,"1 km W of Köseköy, Turkey",910785005
1998,11,11,11:36:39,40.676,29.96,10.0,3.4,"1 km SSW of Yuvac?k, Turkey",910784199
1998,11,11,11:33:55,40.665,29.947,10.0,3.5,"2 km E of Bahçecik, Turkey",910784035
1998,11,11,06:02:46,40.719,29.923,10.0,2.6,"3 km NNW of Kar??yaka, Turkey",910764166
1998,11,10,17:13:22,41.106,28.825,10.0,2.6,"2 km NE of Ba?ak?ehir, Turkey",910718002
1998,11,10,13:52:36,40.589,29.252,10.0,2.7,"4 km SSE of Kad?köy, Turkey",910705956
1998,11,09,23:03:09,40.567,30.482,10.0,2.5,"9 km SSW of Karapürçek, Turkey",910652589
1998,11,08,14:18:47,40.468,29.229,5.0,2.6,"7 km NNE of Umurbey, Turkey",910534727
1998,11,07,12:23:47,41.395,28.137,8.0,2.8,"16 km NE of Çerkezköy, Turkey",910441427
1998,11,05,07:46:45,40.701,30.866,10.0,3.0,"14 km SE of Hendek, Turkey",910252005
1998,11,02,09:18:35,40.215,28.326,5.0,2.5,"3 km W of Karacabey, Turkey",909998315
1998,11,01,18:04:07,40.742,29.11,5.0,2.7,"10 km NNW of Koruköy, Turkey",909943447
1998,10,31,09:25:12,40.593,27.671,10.0,3.2,"9 km E of Marmara, Turkey",909825912
1998,10,31,05:36:54,40.836,30.361,5.0,2.9,"7 km NNW of Adapazar?, Turkey",909812214
1998,10,30,23:15:17,40.784,28.908,5.0,3.3,"18 km SW of Adalan, Turkey",909789317
1998,10,30,13:51:47,40.439,28.939,5.0,2.8,"8 km NE of Mudanya, Turkey",909755507
1998,10,29,03:02:13,40.736,29.901,8.0,2.7,"4 km SW of ?zmit, Turkey",909630133
1998,10,28,11:18:07,40.159,28.149,10.0,2.7,"19 km WSW of Karacabey, Turkey",909573487
1998,10,23,13:32:53,40.446,29.181,5.0,2.4,"2 km NE of Gemlik, Turkey",909149573
1998,10,05,00:26:44,40.308,29.127,7.0,3.5,"4 km NNE of Demirta?, Turkey",907547204
1998,10,02,15:21:56,40.238,28.877,10.0,3.1,"15 km S of Mudanya, Turkey",907341716
1998,10,02,03:20:34,40.404,29.799,10.0,2.8,"7 km ESE of ?znik, Turkey",907298434
1998,10,01,21:08:53,40.216,28.897,5.0,3.1,"14 km W of Bursa, Turkey",907276133
1998,10,01,14:03:41,40.69,30.026,7.0,2.7,"4 km SE of Kullar, Turkey",907250621
1998,09,25,16:20:09,40.273,29.082,10.0,3.9,"1 km W of Demirta?, Turkey",906740409
1998,09,21,07:08:39,40.396,27.78,10.0,2.6,"1 km WSW of Erdek, Turkey",906361719
1998,09,21,03:51:20,40.675,28.964,8.0,2.6,"7 km NW of Kocadere, Turkey",906349880
1998,09,20,10:29:21,40.433,29.266,12.0,2.5,"7 km SSW of Orhangazi, Turkey",906287361
1998,09,19,03:12:07,40.056,29.336,5.0,2.8,"8 km WSW of Yenice, Turkey",906174727
1998,09,17,14:58:12,40.882,30.419,5.0,2.5,"5 km WSW of Sö?ütlü, Turkey",906044292
1998,09,17,14:23:58,40.396,29.367,10.0,2.7,"4 km W of Sölöz, Turkey",906042238
1998,09,14,01:44:48,40.616,29.03,10.0,2.6,"1 km S of Kocadere, Turkey",905737488
1998,09,13,00:27:06,41.205,27.532,10.0,2.8,"18 km W of Marmarac?k, Turkey",905646426
1998,09,05,12:07:11,40.765,30.028,10.0,3.2,"3 km NE of Köseköy, Turkey",904997231
1998,09,04,14:05:47,40.43,29.224,7.0,2.5,"3 km ENE of Umurbey, Turkey",904917947
1998,09,04,06:27:47,40.829,30.318,7.0,2.8,"8 km NW of Adapazar?, Turkey",904890467
1998,09,02,09:57:44,41.209,29.207,11.0,2.7,"17 km E of Ar?köy, Turkey",904730264
1998,09,01,11:56:50,40.25,29.214,8.0,2.7,"3 km NNE of Gürsu, Turkey",904651010
1998,08,31,21:15:38,40.77,29.049,5.0,3.2,"12 km SSW of Adalan, Turkey",904598138
1998,08,31,10:34:33,40.825,29.518,10.0,2.7,"0 km NE of Tav?anl?, Turkey",904559673
1998,08,27,14:31:07,40.47,29.215,10.0,2.6,"6 km NE of Gemlik, Turkey",904228267
1998,08,24,22:44:33,40.603,28.978,12.0,2.7,"5 km SW of Kocadere, Turkey",903998673
1998,08,18,15:03:16,40.236,28.856,6.0,2.6,"15 km S of Mudanya, Turkey",903452596
1998,08,16,08:00:44,40.358,27.913,10.0,2.8,"5 km W of Band?rma, Turkey",903254444
1998,08,14,12:53:43,40.597,28.962,9.0,3.2,"6 km WSW of Kocadere, Turkey",903099223
1998,08,14,09:27:20,40.496,29.153,5.0,2.5,"5 km ENE of Küçükkumla, Turkey",903086840
1998,08,11,02:25:31,40.857,28.486,5.0,2.7,"18 km S of Kumburgaz, Turkey",902802331
1998,08,11,01:15:19,40.844,28.462,5.0,2.6,"19 km S of Kumburgaz, Turkey",902798119
1998,08,10,23:32:49,40.773,27.518,5.0,2.7,"13 km SSE of Kumba?, Turkey",902791969
1998,08,10,22:48:52,40.478,28.102,7.0,2.8,"17 km NE of Band?rma, Turkey",902789332
1998,08,10,16:58:46,41.06,28.887,15.0,2.8,"2 km NNE of Esenler, Turkey",902768326
1998,07,30,09:44:12,40.104,27.043,5.0,2.8,"7 km N of Çan, Turkey",901791852
1998,07,29,20:57:39,40.601,27.794,11.0,2.9,"20 km E of Marmara, Turkey",901745859
1998,07,26,12:29:34,40.986,29.316,5.0,2.5,"4 km NE of Sultanbeyli, Turkey",901456174
1998,07,23,13:36:19,40.254,29.432,7.0,2.8,"15 km SSW of Narl?ca, Turkey",901200979
1998,07,23,01:05:53,40.79,27.432,13.0,2.9,"10 km SSW of Kumba?, Turkey",901155953
1998,07,22,08:22:19,40.493,29.348,10.0,2.6,"3 km E of Orhangazi, Turkey",901095739
1998,07,19,16:27:04,40.691,27.403,5.0,3.6,"17 km NW of Marmara, Turkey",900865624
1998,07,18,16:32:16,41.185,28.278,10.0,2.8,"11 km NNW of Kavakl?, Turkey",900779536
1998,07,15,00:34:00,40.629,29.149,10.0,2.9,"2 km SE of Ç?narc?k, Turkey",900462840
1998,07,14,23:30:48,40.654,29.108,5.0,2.8,"1 km NW of Ç?narc?k, Turkey",900459048
1998,07,14,23:02:13,40.642,29.163,5.0,2.7,"1 km S of Koruköy, Turkey",900457333
1998,07,14,22:56:30,40.623,29.119,6.0,3.2,"2 km S of Ç?narc?k, Turkey",900456990
1998,07,14,21:56:55,40.641,29.13,10.0,2.9,"0 km SE of Ç?narc?k, Turkey",900453415
1998,07,11,12:13:54,40.675,27.934,10.0,2.8,"32 km S of Marmara Ere?lisi, Turkey",900159234
1998,07,10,15:12:14,40.518,29.306,10.0,2.5,"3 km N of Orhangazi, Turkey",900083534
1998,07,09,08:35:12,40.032,29.122,10.0,2.6,"10 km SE of Kirazl?, Turkey",899973312
1998,07,09,00:51:25,40.806,28.021,5.0,2.6,"18 km SSE of Marmara Ere?lisi, Turkey",899945485
1998,07,08,21:40:27,40.856,28.055,6.0,3.0,"15 km SE of Marmara Ere?lisi, Turkey",899934027
1998,07,08,21:39:19,40.776,28.101,6.0,2.8,"24 km SSE of Marmara Ere?lisi, Turkey",899933959
1998,07,08,10:47:18,40.308,28.766,6.0,2.6,"12 km SW of Mudanya, Turkey",899894838
1998,07,08,00:39:55,40.635,29.096,7.0,2.7,"2 km WSW of Ç?narc?k, Turkey",899858395
1998,07,07,19:54:48,40.445,28.437,10.0,2.9,"26 km NNE of Karacabey, Turkey",899841288
1998,07,07,12:52:42,40.816,28.094,11.0,2.9,"20 km SE of Marmara Ere?lisi, Turkey",899815962
1998,07,06,18:10:11,40.69,27.427,10.0,2.7,"15 km NW of Marmara, Turkey",899748611
1998,07,06,14:19:29,40.619,28.014,6.0,2.7,"29 km N of Band?rma, Turkey",899734769
1998,07,05,11:12:47,40.539,27.588,10.0,3.3,"5 km SSE of Marmara, Turkey",899637167
1998,07,03,14:38:29,40.597,29.32,10.0,2.5,Western Turkey,899476709
1998,07,03,06:53:40,41.315,28.241,10.0,2.8,"15 km SW of Karacaköy, Turkey",899448820
1998,07,02,23:04:06,40.45,28.424,5.0,3.1,"26 km NNE of Karacabey, Turkey",899420646
1998,07,02,15:44:51,40.193,28.447,13.0,2.5,"7 km ESE of Karacabey, Turkey",899394291
1998,07,01,12:17:22,40.251,29.217,6.0,2.5,"4 km NNE of Gürsu, Turkey",899295442
1998,07,01,11:29:09,40.832,29.491,11.0,2.7,"2 km NW of Tav?anl?, Turkey",899292549
1998,07,01,03:30:12,40.621,27.609,9.0,2.8,"5 km NE of Marmara, Turkey",899263812
1998,06,26,06:51:02,40.536,27.993,10.0,2.7,"20 km N of Band?rma, Turkey",898843862
1998,06,24,02:01:44,40.443,28.866,14.0,2.5,"7 km N of Mudanya, Turkey",898653704
1998,06,23,10:59:39,40.236,29.201,8.0,2.5,"1 km NNE of Gürsu, Turkey",898599579
1998,06,23,09:42:27,40.411,28.366,9.0,3.1,"21 km N of Karacabey, Turkey",898594947
1998,06,22,10:58:02,40.262,28.948,6.0,2.5,"12 km NW of Bursa, Turkey",898513082
1998,06,20,10:40:41,40.494,27.457,10.0,2.6,"13 km SW of Marmara, Turkey",898339241
1998,06,19,13:44:15,40.82,28.133,5.0,2.8,"22 km SE of Marmara Ere?lisi, Turkey",898263855
1998,06,19,03:50:40,40.241,27.419,10.0,2.8,"15 km E of Biga, Turkey",898228240
1998,06,18,16:44:36,40.85,28.711,10.0,2.8,"15 km S of Yakuplu, Turkey",898188276
1998,06,18,10:38:35,40.409,28.956,10.0,2.7,"7 km ENE of Mudanya, Turkey",898166315
1998,06,16,11:15:33,40.892,29.497,11.0,2.8,"6 km ENE of Balç?k, Turkey",897995733
1998,06,16,07:24:21,40.703,29.7,7.0,2.8,"0 km SE of Ula?l?, Turkey",897981861
